sourceTaxonId	sourceTaxonName	interactionTypeId	interactionTypeName	targetTaxonId	targetTaxonName	targetTaxonLifeStage	localityId	localityName	decimalLatitude	decimalLongitude	observationDateTime	referenceDoi	referenceCitation
EOL:328686	Chrysocyon brachyurus	RO:0002470	eats	EOL:5517055	Abuta grandifolia		GEONAMES:10177077	Noel Kempff Mercado National Park, Bolivia				doi:10.5479/si.00810282.639.37	Castro, Jose Miguel, and Louise H. Emmons. Variation in Diet and Resources. Smithsonian Contributions to Zoology, 2012, 37-55. doi:10.5479/si.00810282.639.37
EOL:217410	Balistes vetula	RO:0002470	eats	EOL:402828	Acanthochiton f. pygmaea		GEONAMES:3582452	Carrie Bow Cay, Belize			November, 1983		Reinthal, P. N., Brian Kensley, and S. M. Lewis. Dietary Shifts in the Queen Triggerfish, Balistes Vetula, in the Absence of Its Primary Food Item, Diadema Antillarum. Marine Ecology, 5(2), 1984, 191-95.
EOL:217410	Balistes vetula	RO:0002470	eats	EOL:50313	Acanthochiton sp.		GEONAMES:3582452	Carrie Bow Cay, Belize			November, 1983		Reinthal, P. N., Brian Kensley, and S. M. Lewis. Dietary Shifts in the Queen Triggerfish, Balistes Vetula, in the Absence of Its Primary Food Item, Diadema Antillarum. Marine Ecology, 5(2), 1984, 191-95.
EOL:217410	Balistes vetula	RO:0002470	eats	EOL:50504	Acmaea sp.		GEONAMES:3582452	Carrie Bow Cay, Belize			November, 1983		Reinthal, P. N., Brian Kensley, and S. M. Lewis. Dietary Shifts in the Queen Triggerfish, Balistes Vetula, in the Absence of Its Primary Food Item, Diadema Antillarum. Marine Ecology, 5(2), 1984, 191-95.
EOL:328686	Chrysocyon brachyurus	RO:0002470	eats	EOL:111277	Akodon sp.		GEONAMES:10177077	Noel Kempff Mercado National Park, Bolivia				doi:10.5479/si.00810282.639.37	Castro, Jose Miguel, and Louise H. Emmons. Variation in Diet and Resources. Smithsonian Contributions to Zoology, 2012, 37-55. doi:10.5479/si.00810282.639.37
EOL:328686	Chrysocyon brachyurus	RO:0002470	eats	EOL:1109790	Alibertia edulis		GEONAMES:10177077	Noel Kempff Mercado National Park, Bolivia				doi:10.5479/si.00810282.639.37	Castro, Jose Miguel, and Louise H. Emmons. Variation in Diet and Resources. Smithsonian Contributions to Zoology, 2012, 37-55. doi:10.5479/si.00810282.639.37 doi:10.5479/si.00810282.639.37
EOL:217410	Balistes vetula	RO:0002470	eats	EOL:69284	Alpheids		GEONAMES:3582452	Carrie Bow Cay, Belize			November, 1983		Reinthal, P. N., Brian Kensley, and S. M. Lewis. Dietary Shifts in the Queen Triggerfish, Balistes Vetula, in the Absence of Its Primary Food Item, Diadema Antillarum. Marine Ecology, 5(2), 1984, 191-95.
EOL:1053227	Myozetetes similis	RO:0002470	eats	EOL:1552	Amphibia		GEONAMES:3708958	Barro Colorado Island, Panama	9.15	-79.85			Dyrcz, Andrzej, and Heiner Flinks. Nestling Food of the Congeneric and Sympatric Rusty-margined and Social Flycatchers. Journal of Field Ornithology, 2003, 157-65.
EOL:4438768	Micronycteris microtis	RO:0002470	eats	EOL:2762968	Anisoptera		GEONAMES:3708958	Barro Colorado Island	9.15	-79.85	(1 March – 31 May 2001	doi:10.1017/S0266467405002920	Kalka, Margareta, and Elisabeth K. V. Kalko. Gleaning Bats as Underestimated Predators of Herbivorous Insects: Diet of Micronycteris Microtis (Phyllostomidae) in Panama. Journal of Tropical Ecology 1 (2006): 1-10.
EOL:328686	Chrysocyon brachyurus	RO:0002470	eats	EOL:1054910	Annona coriacea		GEONAMES:10177077	Noel Kempff Mercado National Park, Bolivia				doi:10.5479/si.00810282.639.37	Castro, Jose Miguel, and Louise H. Emmons. Variation in Diet and Resources. Smithsonian Contributions to Zoology, 2012, 37-55. doi:10.5479/si.00810282.639.37
EOL:328686	Chrysocyon brachyurus	RO:0002470	eats	EOL:1054858	Annona nutans		GEONAMES:10177077	Noel Kempff Mercado National Park, Bolivia				doi:10.5479/si.00810282.639.37	Castro, Jose Miguel, and Louise H. Emmons. Variation in Diet and Resources. Smithsonian Contributions to Zoology, 2012, 37-55. doi:10.5479/si.00810282.639.37
EOL:1053227	Myozetetes similis	RO:0002470	eats	EOL:1142254	Anthurium clavigerum		GEONAMES:3708958	Barro Colorado Island, Panama	9.15	-79.85			Dyrcz, Andrzej, and Heiner Flinks. Nestling Food of the Congeneric and Sympatric Rusty-margined and Social Flycatchers. Journal of Field Ornithology, 2003, 157-65.
EOL:328686	Chrysocyon brachyurus	RO:0002470	eats	EOL:677	Apidae		GEONAMES:10177077	Noel Kempff Mercado National Park, Bolivia				doi:10.5479/si.00810282.639.37	Castro, Jose Miguel, and Louise H. Emmons. Variation in Diet and Resources. Smithsonian Contributions to Zoology, 2012, 37-55. doi:10.5479/si.00810282.639.37
EOL:1053224	Myozetetes cayanensis	RO:0002470	eats	EOL:676	Apoidea		GEONAMES:3708958	Barro Colorado Island, Panama	9.15	-79.85			Dyrcz, Andrzej, and Heiner Flinks. Nestling Food of the Congeneric and Sympatric Rusty-margined and Social Flycatchers. Journal of Field Ornithology, 2003, 157-65.
EOL:1053227	Myozetetes similis	RO:0002470	eats	EOL:676	Apoidea		GEONAMES:3708958	Barro Colorado Island, Panama	9.15	-79.85			Dyrcz, Andrzej, and Heiner Flinks. Nestling Food of the Congeneric and Sympatric Rusty-margined and Social Flycatchers. Journal of Field Ornithology, 2003, 157-65.
EOL:217410	Balistes vetula	RO:0002470	eats	EOL:52830	Arabella sp.		GEONAMES:3582452	Carrie Bow Cay, Belize			November, 1983		Reinthal, P. N., Brian Kensley, and S. M. Lewis. Dietary Shifts in the Queen Triggerfish, Balistes Vetula, in the Absence of Its Primary Food Item, Diadema Antillarum. Marine Ecology, 5(2), 1984, 191-95.
EOL:4438768	Micronycteris microtis	RO:0002470	eats	EOL:165	Arachnida		GEONAMES:3708958	Barro Colorado Island	9.15	-79.85	(1 March – 31 May 2001	doi:10.1017/S0266467405002920	Kalka, Margareta, and Elisabeth K. V. Kalko. Gleaning Bats as Underestimated Predators of Herbivorous Insects: Diet of Micronycteris Microtis (Phyllostomidae) in Panama. Journal of Tropical Ecology 1 (2006): 1-10.
EOL:328811	Taphozous melanopogon	RO:0002470	eats	EOL:4319515	Araneae		GEONAMES:1809867	Bidi Cave, Guilin City in Guangxi Province, southwest China	25.456667	111.333333	May to October 2006	doi:10.3161/150811008X331081	Wei, L., N. Han, L. Zhang, Kristofer M. Helgen, S. Parsons, S. Zhou, and S. Zhang. Wing Morphology, Echolocation Calls, Diet and Emergence Time of Black-Bearded Tomb Bats (Taphozous Melanopogon, Emballonuridae) from South-West China. Acta Chiropterologica, 10(1), 2008, 51-59.
EOL:328686	Chrysocyon brachyurus	RO:0002470	eats	EOL:4319515	Araneae		GEONAMES:10177077	Noel Kempff Mercado National Park, Bolivia				doi:10.5479/si.00810282.639.37	Castro, Jose Miguel, and Louise H. Emmons. Variation in Diet and Resources. Smithsonian Contributions to Zoology, 2012, 37-55. doi:10.5479/si.00810282.639.37
EOL:1053224	Myozetetes cayanensis	RO:0002470	eats	EOL:4319515	Araneae		GEONAMES:3708958	Barro Colorado Island, Panama	9.15	-79.85			Dyrcz, Andrzej, and Heiner Flinks. Nestling Food of the Congeneric and Sympatric Rusty-margined and Social Flycatchers. Journal of Field Ornithology, 2003, 157-65.
EOL:1053227	Myozetetes similis	RO:0002470	eats	EOL:4319515	Araneae		GEONAMES:3708958	Barro Colorado Island, Panama	9.15	-79.85			Dyrcz, Andrzej, and Heiner Flinks. Nestling Food of the Congeneric and Sympatric Rusty-margined and Social Flycatchers. Journal of Field Ornithology, 2003, 157-65.
EOL:1053227	Myozetetes similis	RO:0002470	eats	EOL:5499134	Ardisia fendleri		GEONAMES:3708958	Barro Colorado Island, Panama	9.15	-79.85			Dyrcz, Andrzej, and Heiner Flinks. Nestling Food of the Congeneric and Sympatric Rusty-margined and Social Flycatchers. Journal of Field Ornithology, 2003, 157-65.
EOL:328686	Chrysocyon brachyurus	RO:0002470	eats	EOL:8193	Arecaceae		GEONAMES:10177077	Noel Kempff Mercado National Park, Bolivia				doi:10.5479/si.00810282.639.37	Castro, Jose Miguel, and Louise H. Emmons. Variation in Diet and Resources. Smithsonian Contributions to Zoology, 2012, 37-55. doi:10.5479/si.00810282.639.37
EOL:328524	Tamandua mexicana	RO:0002470	eats	EOL:1131741	Attalea butyracea		GEONAMES:3708958	Barro Colorado Island, Panama	9.15	-79.85			Brown, Danielle. Fruit-eating by an Obligate Insectivore: Palm Fruit Consumption in Wild Northern Tamanduas (Tamandua Mexicana) in Panama. Edentata, 12 : 63-65, 2011. http://hdl.handle.net/10088/18590.
EOL:217410	Balistes vetula	RO:0002470	eats	EOL:974654	Bagatus algicola		GEONAMES:3582452	Carrie Bow Cay, Belize			November, 1983		Reinthal, P. N., Brian Kensley, and S. M. Lewis. Dietary Shifts in the Queen Triggerfish, Balistes Vetula, in the Absence of Its Primary Food Item, Diadema Antillarum. Marine Ecology, 5(2), 1984, 191-95.
EOL:217410	Balistes vetula	RO:0002470	eats	EOL:57732	Barbatia sp.		GEONAMES:3582452	Carrie Bow Cay, Belize			November, 1983		Reinthal, P. N., Brian Kensley, and S. M. Lewis. Dietary Shifts in the Queen Triggerfish, Balistes Vetula, in the Absence of Its Primary Food Item, Diadema Antillarum. Marine Ecology, 5(2), 1984, 191-95.
EOL:328686	Chrysocyon brachyurus	RO:0002470	eats	EOL:308478	Blastocerus dichotomus		GEONAMES:10177077	Noel Kempff Mercado National Park, Bolivia				doi:10.5479/si.00810282.639.37	Castro, Jose Miguel, and Louise H. Emmons. Variation in Diet and Resources. Smithsonian Contributions to Zoology, 2012, 37-55. doi:10.5479/si.00810282.639.37
EOL:328811	Taphozous melanopogon	RO:0002470	eats	EOL:413	Blattaria		GEONAMES:1809867	Bidi Cave, Guilin City in Guangxi Province, southwest China	25.456667	111.333333	May to October 2006	doi:10.3161/150811008X331081	Wei, L., N. Han, L. Zhang, Kristofer M. Helgen, S. Parsons, S. Zhou, and S. Zhang. Wing Morphology, Echolocation Calls, Diet and Emergence Time of Black-Bearded Tomb Bats (Taphozous Melanopogon, Emballonuridae) from South-West China. Acta Chiropterologica, 10(1), 2008, 51-59.
EOL:328686	Chrysocyon brachyurus	RO:0002470	eats	EOL:680	Blattidae		GEONAMES:10177077	Noel Kempff Mercado National Park, Bolivia				doi:10.5479/si.00810282.639.37	Castro, Jose Miguel, and Louise H. Emmons. Variation in Diet and Resources. Smithsonian Contributions to Zoology, 2012, 37-55. doi:10.5479/si.00810282.639.37
EOL:1053224	Myozetetes cayanensis	RO:0002470	eats	EOL:680	Blattidae		GEONAMES:3708958	Barro Colorado Island, Panama	9.15	-79.85			Dyrcz, Andrzej, and Heiner Flinks. Nestling Food of the Congeneric and Sympatric Rusty-margined and Social Flycatchers. Journal of Field Ornithology, 2003, 157-65.
EOL:1053227	Myozetetes similis	RO:0002470	eats	EOL:680	Blattidae		GEONAMES:3708958	Barro Colorado Island, Panama	9.15	-79.85			Dyrcz, Andrzej, and Heiner Flinks. Nestling Food of the Congeneric and Sympatric Rusty-margined and Social Flycatchers. Journal of Field Ornithology, 2003, 157-65.
EOL:4438768	Micronycteris microtis	RO:0002470	eats	EOL:413	Blattodea		GEONAMES:3708958	Barro Colorado Island	9.15	-79.85	(1 March – 31 May 2001	doi:10.1017/S0266467405002920	Kalka, Margareta, and Elisabeth K. V. Kalko. Gleaning Bats as Underestimated Predators of Herbivorous Insects: Diet of Micronycteris Microtis (Phyllostomidae) in Panama. Journal of Tropical Ecology 1 (2006): 1-10.
EOL:328686	Chrysocyon brachyurus	RO:0002470	eats	EOL:795595	Boa constrictor		GEONAMES:10177077	Noel Kempff Mercado National Park, Bolivia				doi:10.5479/si.00810282.639.37	Castro, Jose Miguel, and Louise H. Emmons. Variation in Diet and Resources. Smithsonian Contributions to Zoology, 2012, 37-55. doi:10.5479/si.00810282.639.37
EOL:328686	Chrysocyon brachyurus	RO:0002470	eats	EOL:5442	Brentidae		GEONAMES:10177077	Noel Kempff Mercado National Park, Bolivia				doi:10.5479/si.00810282.639.37	Castro, Jose Miguel, and Louise H. Emmons. Variation in Diet and Resources. Smithsonian Contributions to Zoology, 2012, 37-55. doi:10.5479/si.00810282.639.37
EOL:328686	Chrysocyon brachyurus	RO:0002470	eats	EOL:1125899	Bromelia ignaciana		GEONAMES:10177077	Noel Kempff Mercado National Park, Bolivia				doi:10.5479/si.00810282.639.37	Castro, Jose Miguel, and Louise H. Emmons. Variation in Diet and Resources. Smithsonian Contributions to Zoology, 2012, 37-55. doi:10.5479/si.00810282.639.37
EOL:328686	Chrysocyon brachyurus	RO:0002470	eats	EOL:5720118	Brosimum acutifolium		GEONAMES:10177077	Noel Kempff Mercado National Park, Bolivia				doi:10.5479/si.00810282.639.37	Castro, Jose Miguel, and Louise H. Emmons. Variation in Diet and Resources. Smithsonian Contributions to Zoology, 2012, 37-55. doi:10.5479/si.00810282.639.37
EOL:328686	Chrysocyon brachyurus	RO:0002470	eats	EOL:6959088	Brosimum gaudichaudii		GEONAMES:10177077	Noel Kempff Mercado National Park, Bolivia				doi:10.5479/si.00810282.639.37	Castro, Jose Miguel, and Louise H. Emmons. Variation in Diet and Resources. Smithsonian Contributions to Zoology, 2012, 37-55. doi:10.5479/si.00810282.639.37
EOL:217410	Balistes vetula	RO:0002470	eats	EOL:2448	Buccinid		GEONAMES:3582452	Carrie Bow Cay, Belize			November, 1983		Reinthal, P. N., Brian Kensley, and S. M. Lewis. Dietary Shifts in the Queen Triggerfish, Balistes Vetula, in the Absence of Its Primary Food Item, Diadema Antillarum. Marine Ecology, 5(2), 1984, 191-95.
EOL:217410	Balistes vetula	RO:0002470	eats	EOL:453950	Bulla striata		GEONAMES:3582452	Carrie Bow Cay, Belize			November, 1983		Reinthal, P. N., Brian Kensley, and S. M. Lewis. Dietary Shifts in the Queen Triggerfish, Balistes Vetula, in the Absence of Its Primary Food Item, Diadema Antillarum. Marine Ecology, 5(2), 1984, 191-95.
EOL:328686	Chrysocyon brachyurus	RO:0002470	eats	EOL:61417	Byrsonima sp.		GEONAMES:10177077	Noel Kempff Mercado National Park, Bolivia				doi:10.5479/si.00810282.639.37	Castro, Jose Miguel, and Louise H. Emmons. Variation in Diet and Resources. Smithsonian Contributions to Zoology, 2012, 37-55. doi:10.5479/si.00810282.639.37
EOL:328686	Chrysocyon brachyurus	RO:0002470	eats	EOL:5109	Callichthyidae		GEONAMES:10177077	Noel Kempff Mercado National Park, Bolivia				doi:10.5479/si.00810282.639.37	Castro, Jose Miguel, and Louise H. Emmons. Variation in Diet and Resources. Smithsonian Contributions to Zoology, 2012, 37-55. doi:10.5479/si.00810282.639.37
EOL:328686	Chrysocyon brachyurus	RO:0002470	eats	EOL:7971	Caprimulgidae		GEONAMES:10177077	Noel Kempff Mercado National Park, Bolivia				doi:10.5479/si.00810282.639.37	Castro, Jose Miguel, and Louise H. Emmons. Variation in Diet and Resources. Smithsonian Contributions to Zoology, 2012, 37-55. doi:10.5479/si.00810282.639.37
EOL:328686	Chrysocyon brachyurus	RO:0002470	eats	EOL:7467	Carabidae		GEONAMES:10177077	Noel Kempff Mercado National Park, Bolivia				doi:10.5479/si.00810282.639.37	Castro, Jose Miguel, and Louise H. Emmons. Variation in Diet and Resources. Smithsonian Contributions to Zoology, 2012, 37-55. doi:10.5479/si.00810282.639.37
EOL:217410	Balistes vetula	RO:0002470	eats	EOL:57511	Cardium sp.		GEONAMES:3582452	Carrie Bow Cay, Belize			November, 1983		Reinthal, P. N., Brian Kensley, and S. M. Lewis. Dietary Shifts in the Queen Triggerfish, Balistes Vetula, in the Absence of Its Primary Food Item, Diadema Antillarum. Marine Ecology, 5(2), 1984, 191-95.
EOL:217410	Balistes vetula	RO:0002470	eats	EOL:38178	Cerithiopsis sp.		GEONAMES:3582452	Carrie Bow Cay, Belize			November, 1983		Reinthal, P. N., Brian Kensley, and S. M. Lewis. Dietary Shifts in the Queen Triggerfish, Balistes Vetula, in the Absence of Its Primary Food Item, Diadema Antillarum. Marine Ecology, 5(2), 1984, 191-95.
EOL:217410	Balistes vetula	RO:0002470	eats	EOL:452034	Cerithium eburneum		GEONAMES:3582452	Carrie Bow Cay, Belize			November, 1983		Reinthal, P. N., Brian Kensley, and S. M. Lewis. Dietary Shifts in the Queen Triggerfish, Balistes Vetula, in the Absence of Its Primary Food Item, Diadema Antillarum. Marine Ecology, 5(2), 1984, 191-95.
EOL:328686	Chrysocyon brachyurus	RO:0002470	eats	EOL:4468336	Cerradomys maracajuensis		GEONAMES:10177077	Noel Kempff Mercado National Park, Bolivia				doi:10.5479/si.00810282.639.37	Castro, Jose Miguel, and Louise H. Emmons. Variation in Diet and Resources. Smithsonian Contributions to Zoology, 2012, 37-55. doi:10.5479/si.00810282.639.37
EOL:328686	Chrysocyon brachyurus	RO:0002470	eats	EOL:4468337	Cerradomys scotti		GEONAMES:10177077	Noel Kempff Mercado National Park, Bolivia				doi:10.5479/si.00810282.639.37	Castro, Jose Miguel, and Louise H. Emmons. Variation in Diet and Resources. Smithsonian Contributions to Zoology, 2012, 37-55. doi:10.5479/si.00810282.639.37
EOL:217410	Balistes vetula	RO:0002470	eats	EOL:56972	Chama sp.		GEONAMES:3582452	Carrie Bow Cay, Belize			November, 1983		Reinthal, P. N., Brian Kensley, and S. M. Lewis. Dietary Shifts in the Queen Triggerfish, Balistes Vetula, in the Absence of Its Primary Food Item, Diadema Antillarum. Marine Ecology, 5(2), 1984, 191-95.
EOL:328686	Chrysocyon brachyurus	RO:0002470	eats	EOL:328686	Chrysocyon brachyurus		GEONAMES:10177077	Noel Kempff Mercado National Park, Bolivia				doi:10.5479/si.00810282.639.37	Castro, Jose Miguel, and Louise H. Emmons. Variation in Diet and Resources. Smithsonian Contributions to Zoology, 2012, 37-55. doi:10.5479/si.00810282.639.37
EOL:328686	Chrysocyon brachyurus	RO:0002470	eats	EOL:1148140	Chrysophyllum gonocarpum		GEONAMES:10177077	Noel Kempff Mercado National Park, Bolivia				doi:10.5479/si.00810282.639.37	Castro, Jose Miguel, and Louise H. Emmons. Variation in Diet and Resources. Smithsonian Contributions to Zoology, 2012, 37-55. doi:10.5479/si.00810282.639.37
EOL:398606	Pisania tincta	RO:0002439	preys on	EOL:1020186	Chthamalus fragilis		GEONAMES:4155751	Eastern Florida					Kantor, Y. I., and M. G. Harasewych. The Diet of Pisania Tincta (Gastropoda: Buccinidae) in Eastern Florida. The Veliger, 37(1): 117-118, 1994.
EOL:328686	Chrysocyon brachyurus	RO:0002470	eats	EOL:2645413	Cicadidae		GEONAMES:10177077	Noel Kempff Mercado National Park, Bolivia				doi:10.5479/si.00810282.639.37	Castro, Jose Miguel, and Louise H. Emmons. Variation in Diet and Resources. Smithsonian Contributions to Zoology, 2012, 37-55. doi:10.5479/si.00810282.639.37
EOL:328686	Chrysocyon brachyurus	RO:0002470	eats	EOL:568	Cimicidae		GEONAMES:10177077	Noel Kempff Mercado National Park, Bolivia				doi:10.5479/si.00810282.639.37	Castro, Jose Miguel, and Louise H. Emmons. Variation in Diet and Resources. Smithsonian Contributions to Zoology, 2012, 37-55. doi:10.5479/si.00810282.639.37
EOL:217410	Balistes vetula	RO:0002470	eats	EOL:15198	Cirolana sp.		GEONAMES:3582452	Carrie Bow Cay, Belize			November, 1983		Reinthal, P. N., Brian Kensley, and S. M. Lewis. Dietary Shifts in the Queen Triggerfish, Balistes Vetula, in the Absence of Its Primary Food Item, Diadema Antillarum. Marine Ecology, 5(2), 1984, 191-95.
EOL:217410	Balistes vetula	RO:0002470	eats	EOL:3090089	Cistenides gouldii		GEONAMES:3582452	Carrie Bow Cay, Belize			November, 1983		Reinthal, P. N., Brian Kensley, and S. M. Lewis. Dietary Shifts in the Queen Triggerfish, Balistes Vetula, in the Absence of Its Primary Food Item, Diadema Antillarum. Marine Ecology, 5(2), 1984, 191-95.
EOL:328686	Chrysocyon brachyurus	RO:0002470	eats	EOL:5433857	Clidemia capitella		GEONAMES:10177077	Noel Kempff Mercado National Park, Bolivia				doi:10.5479/si.00810282.639.37	Castro, Jose Miguel, and Louise H. Emmons. Variation in Diet and Resources. Smithsonian Contributions to Zoology, 2012, 37-55. doi:10.5479/si.00810282.639.37
EOL:1053224	Myozetetes cayanensis	RO:0002470	eats	EOL:345	Coleoptera	larva	GEONAMES:3708958	Barro Colorado Island, Panama	9.15	-79.85			Dyrcz, Andrzej, and Heiner Flinks. Nestling Food of the Congeneric and Sympatric Rusty-margined and Social Flycatchers. Journal of Field Ornithology, 2003, 157-65.
EOL:1053224	Myozetetes cayanensis	RO:0002470	eats	EOL:345	Coleoptera	imago	GEONAMES:3708958	Barro Colorado Island, Panama	9.15	-79.85			Dyrcz, Andrzej, and Heiner Flinks. Nestling Food of the Congeneric and Sympatric Rusty-margined and Social Flycatchers. Journal of Field Ornithology, 2003, 157-65.
EOL:1053227	Myozetetes similis	RO:0002470	eats	EOL:345	Coleoptera	larva	GEONAMES:3708958	Barro Colorado Island, Panama	9.15	-79.85			Dyrcz, Andrzej, and Heiner Flinks. Nestling Food of the Congeneric and Sympatric Rusty-margined and Social Flycatchers. Journal of Field Ornithology, 2003, 157-65.
EOL:1053227	Myozetetes similis	RO:0002470	eats	EOL:345	Coleoptera	imago	GEONAMES:3708958	Barro Colorado Island, Panama	9.15	-79.85			Dyrcz, Andrzej, and Heiner Flinks. Nestling Food of the Congeneric and Sympatric Rusty-margined and Social Flycatchers. Journal of Field Ornithology, 2003, 157-65.
EOL:4438768	Micronycteris microtis	RO:0002470	eats	EOL:345	Coleoptera		GEONAMES:3708958	Barro Colorado Island	9.15	-79.85	(1 March – 31 May 2001	doi:10.1017/S0266467405002920	Kalka, Margareta, and Elisabeth K. V. Kalko. Gleaning Bats as Underestimated Predators of Herbivorous Insects: Diet of Micronycteris Microtis (Phyllostomidae) in Panama. Journal of Tropical Ecology 1 (2006): 1-10.
EOL:328811	Taphozous melanopogon	RO:0002470	eats	EOL:345	Coleoptera		GEONAMES:1809867	Bidi Cave, Guilin City in Guangxi Province, southwest China	25.456667	111.333333	May to October 2006	doi:10.3161/150811008X331081	Wei, L., N. Han, L. Zhang, Kristofer M. Helgen, S. Parsons, S. Zhou, and S. Zhang. Wing Morphology, Echolocation Calls, Diet and Emergence Time of Black-Bearded Tomb Bats (Taphozous Melanopogon, Emballonuridae) from South-West China. Acta Chiropterologica, 10(1), 2008, 51-59.
EOL:327236	Aselliscus stoliczkanus	RO:0002470	eats	EOL:345	Coleoptera		GEONAMES:1814991	provinces in mainland China			November, 2005	doi:10.1644/06-MAMM-A-273R.1	Li, Gang, Bing Liang, Yinan Wang, Huabin Zhao, Kristofer M. Helgen, Liangkong Lin, Gareth Jones, and Shuyi Zhang. "Echolocation Calls, Diet, and Phylogenetic Relationships of Stoliczka's Trident Bat, Aselliscus Stoliczkanus (Hipposideridae)." Journal of Mammalogy: 736-44.
EOL:328686	Chrysocyon brachyurus	RO:0002470	eats	EOL:1722	Colubridae		GEONAMES:10177077	Noel Kempff Mercado National Park, Bolivia				doi:10.5479/si.00810282.639.37	Castro, Jose Miguel, and Louise H. Emmons. Variation in Diet and Resources. Smithsonian Contributions to Zoology, 2012, 37-55. doi:10.5479/si.00810282.639.37
EOL:328686	Chrysocyon brachyurus	RO:0002470	eats	EOL:7978	Columbidae		GEONAMES:10177077	Noel Kempff Mercado National Park, Bolivia				doi:10.5479/si.00810282.639.37	Castro, Jose Miguel, and Louise H. Emmons. Variation in Diet and Resources. Smithsonian Contributions to Zoology, 2012, 37-55. doi:10.5479/si.00810282.639.37
EOL:213781	Amphichthys cryptocentrus	RO:0002470	eats	EOL:2604866	Crabs		GEONAMES:3701539	Archipielago de San Blas					Robertson, D. Ross. Responses of Two Coral Reef Toadfishes (Batrachoididae) to the Demise of Their Primary Prey, the Sea Urchin Diadema Antillarum. Copeia, 1987, 637. Accessed April 20, 2015. http://www.jstor.org/stable/1445655.
EOL:994470	Sanopus barbatus	RO:0002470	eats	EOL:2604866	Crabs		GEONAMES:3701539	Archipielago de San Blas					Robertson, D. Ross. Responses of Two Coral Reef Toadfishes (Batrachoididae) to the Demise of Their Primary Prey, the Sea Urchin Diadema Antillarum. Copeia, 1987, 637. Accessed April 20, 2015. http://www.jstor.org/stable/1445655.
EOL:328686	Chrysocyon brachyurus	RO:0002470	eats	EOL:5240	Cucurlionidae		GEONAMES:10177077	Noel Kempff Mercado National Park, Bolivia				doi:10.5479/si.00810282.639.37	Castro, Jose Miguel, and Louise H. Emmons. Variation in Diet and Resources. Smithsonian Contributions to Zoology, 2012, 37-55. doi:10.5479/si.00810282.639.37
EOL:217410	Balistes vetula	RO:0002470	eats	EOL:1041056	Dardanus venosus		GEONAMES:3582452	Carrie Bow Cay, Belize			November, 1983		Reinthal, P. N., Brian Kensley, and S. M. Lewis. Dietary Shifts in the Queen Triggerfish, Balistes Vetula, in the Absence of Its Primary Food Item, Diadema Antillarum. Marine Ecology, 5(2), 1984, 191-95.
EOL:217410	Balistes vetula	RO:0002470	eats	EOL:58859	Dasybranchus sp.		GEONAMES:3582452	Carrie Bow Cay, Belize			November, 1983		Reinthal, P. N., Brian Kensley, and S. M. Lewis. Dietary Shifts in the Queen Triggerfish, Balistes Vetula, in the Absence of Its Primary Food Item, Diadema Antillarum. Marine Ecology, 5(2), 1984, 191-95.
EOL:1053224	Myozetetes cayanensis	RO:0002470	eats	EOL:5232121	Davilla nitida		GEONAMES:3708958	Barro Colorado Island, Panama	9.15	-79.85			Dyrcz, Andrzej, and Heiner Flinks. Nestling Food of the Congeneric and Sympatric Rusty-margined and Social Flycatchers. Journal of Field Ornithology, 2003, 157-65.
EOL:1053227	Myozetetes similis	RO:0002470	eats	EOL:5232121	Davilla nitida		GEONAMES:3708958	Barro Colorado Island, Panama	9.15	-79.85			Dyrcz, Andrzej, and Heiner Flinks. Nestling Food of the Congeneric and Sympatric Rusty-margined and Social Flycatchers. Journal of Field Ornithology, 2003, 157-65.
EOL:217410	Balistes vetula	RO:0002470	eats	EOL:50290	Dentalium sp.		GEONAMES:3582452	Carrie Bow Cay, Belize			November, 1983		Reinthal, P. N., Brian Kensley, and S. M. Lewis. Dietary Shifts in the Queen Triggerfish, Balistes Vetula, in the Absence of Its Primary Food Item, Diadema Antillarum. Marine Ecology, 5(2), 1984, 191-95.
EOL:328811	Taphozous melanopogon	RO:0002470	eats	EOL:405	Dermaptera		GEONAMES:1809867	Bidi Cave, Guilin City in Guangxi Province, southwest China	25.456667	111.333333	May to October 2006	doi:10.3161/150811008X331081	Wei, L., N. Han, L. Zhang, Kristofer M. Helgen, S. Parsons, S. Zhou, and S. Zhang. Wing Morphology, Echolocation Calls, Diet and Emergence Time of Black-Bearded Tomb Bats (Taphozous Melanopogon, Emballonuridae) from South-West China. Acta Chiropterologica, 10(1), 2008, 51-59.
EOL:213781	Amphichthys cryptocentrus	RO:0002470	eats	EOL:73077	Diadema		GEONAMES:3701539	Archipielago de San Blas					Robertson, D. Ross. Responses of Two Coral Reef Toadfishes (Batrachoididae) to the Demise of Their Primary Prey, the Sea Urchin Diadema Antillarum. Copeia, 1987, 637. Accessed April 20, 2015. http://www.jstor.org/stable/1445655.
EOL:994470	Sanopus barbatus	RO:0002470	eats	EOL:73077	Diadema		GEONAMES:3701539	Archipielago de San Blas					Robertson, D. Ross. Responses of Two Coral Reef Toadfishes (Batrachoididae) to the Demise of Their Primary Prey, the Sea Urchin Diadema Antillarum. Copeia, 1987, 637. Accessed April 20, 2015. http://www.jstor.org/stable/1445655.
EOL:217410	Balistes vetula	RO:0002470	eats	EOL:598194	Diadema antillarum		GEONAMES:3582452	Carrie Bow Cay, Belize			November, 1983		Reinthal, P. N., Brian Kensley, and S. M. Lewis. Dietary Shifts in the Queen Triggerfish, Balistes Vetula, in the Absence of Its Primary Food Item, Diadema Antillarum. Marine Ecology, 5(2), 1984, 191-95.
EOL:217410	Balistes vetula	RO:0002470	eats	EOL:17285	Diopatra sp.		GEONAMES:3582452	Carrie Bow Cay, Belize			November, 1983		Reinthal, P. N., Brian Kensley, and S. M. Lewis. Dietary Shifts in the Queen Triggerfish, Balistes Vetula, in the Absence of Its Primary Food Item, Diadema Antillarum. Marine Ecology, 5(2), 1984, 191-95.
EOL:328686	Chrysocyon brachyurus	RO:0002470	eats	EOL:421	Diptera		GEONAMES:10177077	Noel Kempff Mercado National Park, Bolivia				doi:10.5479/si.00810282.639.37	Castro, Jose Miguel, and Louise H. Emmons. Variation in Diet and Resources. Smithsonian Contributions to Zoology, 2012, 37-55. doi:10.5479/si.00810282.639.37
EOL:4438768	Micronycteris microtis	RO:0002470	eats	EOL:421	Diptera		GEONAMES:3708958	Barro Colorado Island	9.15	-79.85	(1 March – 31 May 2001	doi:10.1017/S0266467405002920	Kalka, Margareta, and Elisabeth K. V. Kalko. Gleaning Bats as Underestimated Predators of Herbivorous Insects: Diet of Micronycteris Microtis (Phyllostomidae) in Panama. Journal of Tropical Ecology 1 (2006): 1-10.
EOL:328811	Taphozous melanopogon	RO:0002470	eats	EOL:421	Diptera		GEONAMES:1809867	Bidi Cave, Guilin City in Guangxi Province, southwest China	25.456667	111.333333	May to October 2006	doi:10.3161/150811008X331081	Wei, L., N. Han, L. Zhang, Kristofer M. Helgen, S. Parsons, S. Zhou, and S. Zhang. Wing Morphology, Echolocation Calls, Diet and Emergence Time of Black-Bearded Tomb Bats (Taphozous Melanopogon, Emballonuridae) from South-West China. Acta Chiropterologica, 10(1), 2008, 51-59.
EOL:327236	Aselliscus stoliczkanus	RO:0002470	eats	EOL:421	Diptera		GEONAMES:1814991	provinces in mainland China			November, 2005	doi:10.1644/06-MAMM-A-273R.1	Li, Gang, Bing Liang, Yinan Wang, Huabin Zhao, Kristofer M. Helgen, Liangkong Lin, Gareth Jones, and Shuyi Zhang. "Echolocation Calls, Diet, and Phylogenetic Relationships of Stoliczka's Trident Bat, Aselliscus Stoliczkanus (Hipposideridae)." Journal of Mammalogy: 736-44.
EOL:1053224	Myozetetes cayanensis	RO:0002470	eats	EOL:421	Diptera		GEONAMES:3708958	Barro Colorado Island, Panama	9.15	-79.85			Dyrcz, Andrzej, and Heiner Flinks. Nestling Food of the Congeneric and Sympatric Rusty-margined and Social Flycatchers. Journal of Field Ornithology, 2003, 157-65.
EOL:1053227	Myozetetes similis	RO:0002470	eats	EOL:421	Diptera	larva	GEONAMES:3708958	Barro Colorado Island, Panama	9.15	-79.85			Dyrcz, Andrzej, and Heiner Flinks. Nestling Food of the Congeneric and Sympatric Rusty-margined and Social Flycatchers. Journal of Field Ornithology, 2003, 157-65.
EOL:1053227	Myozetetes similis	RO:0002470	eats	EOL:421	Diptera		GEONAMES:3708958	Barro Colorado Island, Panama	9.15	-79.85			Dyrcz, Andrzej, and Heiner Flinks. Nestling Food of the Congeneric and Sympatric Rusty-margined and Social Flycatchers. Journal of Field Ornithology, 2003, 157-65.
EOL:1053224	Myozetetes cayanensis	RO:0002470	eats	EOL:585110	Doliocarpus major		GEONAMES:3708958	Barro Colorado Island, Panama	9.15	-79.85			Dyrcz, Andrzej, and Heiner Flinks. Nestling Food of the Congeneric and Sympatric Rusty-margined and Social Flycatchers. Journal of Field Ornithology, 2003, 157-65.
EOL:328686	Chrysocyon brachyurus	RO:0002470	eats	EOL:5103	Doradidae		GEONAMES:10177077	Noel Kempff Mercado National Park, Bolivia				doi:10.5479/si.00810282.639.37	Castro, Jose Miguel, and Louise H. Emmons. Variation in Diet and Resources. Smithsonian Contributions to Zoology, 2012, 37-55. doi:10.5479/si.00810282.639.37
EOL:328686	Chrysocyon brachyurus	RO:0002470	eats	EOL:1054725	Duguetia furfuracea		GEONAMES:10177077	Noel Kempff Mercado National Park, Bolivia				doi:10.5479/si.00810282.639.37	Castro, Jose Miguel, and Louise H. Emmons. Variation in Diet and Resources. Smithsonian Contributions to Zoology, 2012, 37-55. doi:10.5479/si.00810282.639.37
EOL:217410	Balistes vetula	RO:0002470	eats	EOL:40662	Ebalia sp.		GEONAMES:3582452	Carrie Bow Cay, Belize			November, 1983		Reinthal, P. N., Brian Kensley, and S. M. Lewis. Dietary Shifts in the Queen Triggerfish, Balistes Vetula, in the Absence of Its Primary Food Item, Diadema Antillarum. Marine Ecology, 5(2), 1984, 191-95.
EOL:213781	Amphichthys cryptocentrus	RO:0002470	eats	EOL:73315	Echinometra		GEONAMES:3701539	Archipielago de San Blas					Robertson, D. Ross. Responses of Two Coral Reef Toadfishes (Batrachoididae) to the Demise of Their Primary Prey, the Sea Urchin Diadema Antillarum. Copeia, 1987, 637. Accessed April 20, 2015. http://www.jstor.org/stable/1445655.
EOL:994470	Sanopus barbatus	RO:0002470	eats	EOL:73315	Echinometra		GEONAMES:3701539	Archipielago de San Blas					Robertson, D. Ross. Responses of Two Coral Reef Toadfishes (Batrachoididae) to the Demise of Their Primary Prey, the Sea Urchin Diadema Antillarum. Copeia, 1987, 637. Accessed April 20, 2015. http://www.jstor.org/stable/1445655.
EOL:217410	Balistes vetula	RO:0002470	eats	EOL:599664	Echinometra lucunter		GEONAMES:3582452	Carrie Bow Cay, Belize			November, 1983		Reinthal, P. N., Brian Kensley, and S. M. Lewis. Dietary Shifts in the Queen Triggerfish, Balistes Vetula, in the Absence of Its Primary Food Item, Diadema Antillarum. Marine Ecology, 5(2), 1984, 191-95.
EOL:217410	Balistes vetula	RO:0002470	eats	EOL:598173	Echinoneus cyclostomus		GEONAMES:3582452	Carrie Bow Cay, Belize			November, 1983		Reinthal, P. N., Brian Kensley, and S. M. Lewis. Dietary Shifts in the Queen Triggerfish, Balistes Vetula, in the Absence of Its Primary Food Item, Diadema Antillarum. Marine Ecology, 5(2), 1984, 191-95.
EOL:1057028	Bungarus candidus	RO:0002439	preys on	EOL:794901	Elaphe radiata								Kuch, U., and George R. Zug. Bungarus Candidus (Malayan Krait). Diet.  Herpetological Review (35): 274, 2004.
EOL:328686	Chrysocyon brachyurus	RO:0002470	eats	EOL:7446	Elateridae		GEONAMES:10177077	Noel Kempff Mercado National Park, Bolivia				doi:10.5479/si.00810282.639.37	Castro, Jose Miguel, and Louise H. Emmons. Variation in Diet and Resources. Smithsonian Contributions to Zoology, 2012, 37-55. doi:10.5479/si.00810282.639.37
EOL:328686	Chrysocyon brachyurus	RO:0002470	eats	EOL:7553	Emberizidae		GEONAMES:10177077	Noel Kempff Mercado National Park, Bolivia				doi:10.5479/si.00810282.639.37	Castro, Jose Miguel, and Louise H. Emmons. Variation in Diet and Resources. Smithsonian Contributions to Zoology, 2012, 37-55. doi:10.5479/si.00810282.639.37
EOL:328686	Chrysocyon brachyurus	RO:0002470	eats	EOL:5228235	Emmotum nitens		GEONAMES:10177077	Noel Kempff Mercado National Park, Bolivia				doi:10.5479/si.00810282.639.37	Castro, Jose Miguel, and Louise H. Emmons. Variation in Diet and Resources. Smithsonian Contributions to Zoology, 2012, 37-55. doi:10.5479/si.00810282.639.37
EOL:1053224	Myozetetes cayanensis	RO:0002470	eats	EOL:523	Ephemeroptera	larva	GEONAMES:3708958	Barro Colorado Island, Panama	9.15	-79.85			Dyrcz, Andrzej, and Heiner Flinks. Nestling Food of the Congeneric and Sympatric Rusty-margined and Social Flycatchers. Journal of Field Ornithology, 2003, 157-65.
EOL:217410	Balistes vetula	RO:0002470	eats	EOL:39758	Eriphia sp.		GEONAMES:3582452	Carrie Bow Cay, Belize			November, 1983		Reinthal, P. N., Brian Kensley, and S. M. Lewis. Dietary Shifts in the Queen Triggerfish, Balistes Vetula, in the Absence of Its Primary Food Item, Diadema Antillarum. Marine Ecology, 5(2), 1984, 191-95.
EOL:213781	Amphichthys cryptocentrus	RO:0002470	eats	EOL:36583	Eucidaris		GEONAMES:3701539	Archipielago de San Blas					Robertson, D. Ross. Responses of Two Coral Reef Toadfishes (Batrachoididae) to the Demise of Their Primary Prey, the Sea Urchin Diadema Antillarum. Copeia, 1987, 637. Accessed April 20, 2015. http://www.jstor.org/stable/1445655.
EOL:994470	Sanopus barbatus	RO:0002470	eats	EOL:36583	Eucidaris		GEONAMES:3701539	Archipielago de San Blas					Robertson, D. Ross. Responses of Two Coral Reef Toadfishes (Batrachoididae) to the Demise of Their Primary Prey, the Sea Urchin Diadema Antillarum. Copeia, 1987, 637. Accessed April 20, 2015. http://www.jstor.org/stable/1445655.
EOL:217410	Balistes vetula	RO:0002470	eats	EOL:600976	Eucidaris tribuloides		GEONAMES:3582452	Carrie Bow Cay, Belize			November, 1983		Reinthal, P. N., Brian Kensley, and S. M. Lewis. Dietary Shifts in the Queen Triggerfish, Balistes Vetula, in the Absence of Its Primary Food Item, Diadema Antillarum. Marine Ecology, 5(2), 1984, 191-95.
EOL:1053224	Myozetetes cayanensis	RO:0002470	eats	EOL:5450078	Eugenia oerstedeana		GEONAMES:3708958	Barro Colorado Island, Panama	9.15	-79.85			Dyrcz, Andrzej, and Heiner Flinks. Nestling Food of the Congeneric and Sympatric Rusty-margined and Social Flycatchers. Journal of Field Ornithology, 2003, 157-65.
EOL:217410	Balistes vetula	RO:0002470	eats	EOL:404296	Eunice schemacephala		GEONAMES:3582452	Carrie Bow Cay, Belize			November, 1983		Reinthal, P. N., Brian Kensley, and S. M. Lewis. Dietary Shifts in the Queen Triggerfish, Balistes Vetula, in the Absence of Its Primary Food Item, Diadema Antillarum. Marine Ecology, 5(2), 1984, 191-95.
EOL:328686	Chrysocyon brachyurus	RO:0002470	eats	EOL:1180015	Euryoryzomys nitidus		GEONAMES:10177077	Noel Kempff Mercado National Park, Bolivia				doi:10.5479/si.00810282.639.37	Castro, Jose Miguel, and Louise H. Emmons. Variation in Diet and Resources. Smithsonian Contributions to Zoology, 2012, 37-55. doi:10.5479/si.00810282.639.37
EOL:328686	Chrysocyon brachyurus	RO:0002470	eats	EOL:1100374	Euterpe precatoria		GEONAMES:10177077	Noel Kempff Mercado National Park, Bolivia				doi:10.5479/si.00810282.639.37	Castro, Jose Miguel, and Louise H. Emmons. Variation in Diet and Resources. Smithsonian Contributions to Zoology, 2012, 37-55. doi:10.5479/si.00810282.639.37
EOL:217410	Balistes vetula	RO:0002470	eats	EOL:343964	Excorallana tricornis		GEONAMES:3582452	Carrie Bow Cay, Belize			November, 1983		Reinthal, P. N., Brian Kensley, and S. M. Lewis. Dietary Shifts in the Queen Triggerfish, Balistes Vetula, in the Absence of Its Primary Food Item, Diadema Antillarum. Marine Ecology, 5(2), 1984, 191-95.
EOL:328686	Chrysocyon brachyurus	RO:0002470	eats	EOL:4277	Fabaceae		GEONAMES:10177077	Noel Kempff Mercado National Park, Bolivia				doi:10.5479/si.00810282.639.37	Castro, Jose Miguel, and Louise H. Emmons. Variation in Diet and Resources. Smithsonian Contributions to Zoology, 2012, 37-55. doi:10.5479/si.00810282.639.37
EOL:213781	Amphichthys cryptocentrus	RO:0002470	eats	EOL:4656086	Fishes		GEONAMES:3701539	Archipielago de San Blas					Robertson, D. Ross. Responses of Two Coral Reef Toadfishes (Batrachoididae) to the Demise of Their Primary Prey, the Sea Urchin Diadema Antillarum. Copeia, 1987, 637. Accessed April 20, 2015. http://www.jstor.org/stable/1445655.
EOL:994470	Sanopus barbatus	RO:0002470	eats	EOL:4656086	Fishes		GEONAMES:3701539	Archipielago de San Blas					Robertson, D. Ross. Responses of Two Coral Reef Toadfishes (Batrachoididae) to the Demise of Their Primary Prey, the Sea Urchin Diadema Antillarum. Copeia, 1987, 637. Accessed April 20, 2015. http://www.jstor.org/stable/1445655.
EOL:1053227	Myozetetes similis	RO:0002470	eats	EOL:4656086	Fishes		GEONAMES:3708958	Barro Colorado Island, Panama	9.15	-79.85			Dyrcz, Andrzej, and Heiner Flinks. Nestling Food of the Congeneric and Sympatric Rusty-margined and Social Flycatchers. Journal of Field Ornithology, 2003, 157-65.
EOL:1053224	Myozetetes cayanensis	RO:0002470	eats	EOL:699	Formicidae		GEONAMES:3708958	Barro Colorado Island, Panama	9.15	-79.85			Dyrcz, Andrzej, and Heiner Flinks. Nestling Food of the Congeneric and Sympatric Rusty-margined and Social Flycatchers. Journal of Field Ornithology, 2003, 157-65.
EOL:1053227	Myozetetes similis	RO:0002470	eats	EOL:699	Formicidae		GEONAMES:3708958	Barro Colorado Island, Panama	9.15	-79.85			Dyrcz, Andrzej, and Heiner Flinks. Nestling Food of the Congeneric and Sympatric Rusty-margined and Social Flycatchers. Journal of Field Ornithology, 2003, 157-65.
EOL:328686	Chrysocyon brachyurus	RO:0002470	eats	EOL:699	Formicidae		GEONAMES:10177077	Noel Kempff Mercado National Park, Bolivia				doi:10.5479/si.00810282.639.37	Castro, Jose Miguel, and Louise H. Emmons. Variation in Diet and Resources. Smithsonian Contributions to Zoology, 2012, 37-55. doi:10.5479/si.00810282.639.37
EOL:213781	Amphichthys cryptocentrus	RO:0002470	eats	EOL:2366	Gastropods		GEONAMES:3701539	Archipielago de San Blas					Robertson, D. Ross. Responses of Two Coral Reef Toadfishes (Batrachoididae) to the Demise of Their Primary Prey, the Sea Urchin Diadema Antillarum. Copeia, 1987, 637. Accessed April 20, 2015. http://www.jstor.org/stable/1445655.
EOL:217410	Balistes vetula	RO:0002470	eats	EOL:2366	Gastropods		GEONAMES:3582452	Carrie Bow Cay, Belize			November, 1983		Reinthal, P. N., Brian Kensley, and S. M. Lewis. Dietary Shifts in the Queen Triggerfish, Balistes Vetula, in the Absence of Its Primary Food Item, Diadema Antillarum. Marine Ecology, 5(2), 1984, 191-95.
EOL:994470	Sanopus barbatus	RO:0002470	eats	EOL:2366	Gastropods		GEONAMES:3701539	Archipielago de San Blas					Robertson, D. Ross. Responses of Two Coral Reef Toadfishes (Batrachoididae) to the Demise of Their Primary Prey, the Sea Urchin Diadema Antillarum. Copeia, 1987, 637. Accessed April 20, 2015. http://www.jstor.org/stable/1445655.
EOL:328686	Chrysocyon brachyurus	RO:0002470	eats	EOL:1096067	Genipa americana		GEONAMES:10177077	Noel Kempff Mercado National Park, Bolivia				doi:10.5479/si.00810282.639.37	Castro, Jose Miguel, and Louise H. Emmons. Variation in Diet and Resources. Smithsonian Contributions to Zoology, 2012, 37-55. doi:10.5479/si.00810282.639.37
EOL:217410	Balistes vetula	RO:0002470	eats	EOL:49768	Glycera sp.		GEONAMES:3582452	Carrie Bow Cay, Belize			November, 1983		Reinthal, P. N., Brian Kensley, and S. M. Lewis. Dietary Shifts in the Queen Triggerfish, Balistes Vetula, in the Absence of Its Primary Food Item, Diadema Antillarum. Marine Ecology, 5(2), 1984, 191-95.
EOL:217410	Balistes vetula	RO:0002470	eats	EOL:1040174	Gonodactylus oerstedii		GEONAMES:3582452	Carrie Bow Cay, Belize			November, 1983		Reinthal, P. N., Brian Kensley, and S. M. Lewis. Dietary Shifts in the Queen Triggerfish, Balistes Vetula, in the Absence of Its Primary Food Item, Diadema Antillarum. Marine Ecology, 5(2), 1984, 191-95.
EOL:328686	Chrysocyon brachyurus	RO:0002470	eats	EOL:290116	Gracilinanus agilis		GEONAMES:10177077	Noel Kempff Mercado National Park, Bolivia				doi:10.5479/si.00810282.639.37	Castro, Jose Miguel, and Louise H. Emmons. Variation in Diet and Resources. Smithsonian Contributions to Zoology, 2012, 37-55. doi:10.5479/si.00810282.639.37
EOL:328686	Chrysocyon brachyurus	RO:0002470	eats	EOL:995	Gryllotalpidae		GEONAMES:10177077	Noel Kempff Mercado National Park, Bolivia				doi:10.5479/si.00810282.639.37	Castro, Jose Miguel, and Louise H. Emmons. Variation in Diet and Resources. Smithsonian Contributions to Zoology, 2012, 37-55. doi:10.5479/si.00810282.639.37
EOL:1053224	Myozetetes cayanensis	RO:0002470	eats	EOL:8704254	Guarea grandifolia		GEONAMES:3708958	Barro Colorado Island, Panama	9.15	-79.85			Dyrcz, Andrzej, and Heiner Flinks. Nestling Food of the Congeneric and Sympatric Rusty-margined and Social Flycatchers. Journal of Field Ornithology, 2003, 157-65.
EOL:1053227	Myozetetes similis	RO:0002470	eats	EOL:8704254	Guarea grandifolia		GEONAMES:3708958	Barro Colorado Island, Panama	9.15	-79.85			Dyrcz, Andrzej, and Heiner Flinks. Nestling Food of the Congeneric and Sympatric Rusty-margined and Social Flycatchers. Journal of Field Ornithology, 2003, 157-65.
EOL:1053227	Myozetetes similis	RO:0002470	eats	EOL:39955695	Guarea guidonia		GEONAMES:3708958	Barro Colorado Island, Panama	9.15	-79.85			Dyrcz, Andrzej, and Heiner Flinks. Nestling Food of the Congeneric and Sympatric Rusty-margined and Social Flycatchers. Journal of Field Ornithology, 2003, 157-65.
EOL:1053227	Myozetetes similis	RO:0002470	eats	EOL:1054593	Guatteria dumetorum		GEONAMES:3708958	Barro Colorado Island, Panama	9.15	-79.85			Dyrcz, Andrzej, and Heiner Flinks. Nestling Food of the Congeneric and Sympatric Rusty-margined and Social Flycatchers. Journal of Field Ornithology, 2003, 157-65.
EOL:1053227	Myozetetes similis	RO:0002470	eats	EOL:44757156	Havetiopsis flexilis		GEONAMES:3708958	Barro Colorado Island, Panama	9.15	-79.85			Dyrcz, Andrzej, and Heiner Flinks. Nestling Food of the Congeneric and Sympatric Rusty-margined and Social Flycatchers. Journal of Field Ornithology, 2003, 157-65.
EOL:1053227	Myozetetes similis	RO:0002470	eats	EOL:5888531	Heisteria concinna		GEONAMES:3708958	Barro Colorado Island, Panama	9.15	-79.85			Dyrcz, Andrzej, and Heiner Flinks. Nestling Food of the Congeneric and Sympatric Rusty-margined and Social Flycatchers. Journal of Field Ornithology, 2003, 157-65.
EOL:328811	Taphozous melanopogon	RO:0002470	eats	EOL:539	Hemiptera		GEONAMES:1809867	Bidi Cave, Guilin City in Guangxi Province, southwest China	25.456667	111.333333	May to October 2006	doi:10.3161/150811008X331081	Wei, L., N. Han, L. Zhang, Kristofer M. Helgen, S. Parsons, S. Zhou, and S. Zhang. Wing Morphology, Echolocation Calls, Diet and Emergence Time of Black-Bearded Tomb Bats (Taphozous Melanopogon, Emballonuridae) from South-West China. Acta Chiropterologica, 10(1), 2008, 51-59.
EOL:327236	Aselliscus stoliczkanus	RO:0002470	eats	EOL:539	Hemiptera		GEONAMES:1814991	provinces in mainland China			November, 2005	doi:10.1644/06-MAMM-A-273R.1	Li, Gang, Bing Liang, Yinan Wang, Huabin Zhao, Kristofer M. Helgen, Liangkong Lin, Gareth Jones, and Shuyi Zhang. "Echolocation Calls, Diet, and Phylogenetic Relationships of Stoliczka's Trident Bat, Aselliscus Stoliczkanus (Hipposideridae)." Journal of Mammalogy: 736-44.
EOL:213781	Amphichthys cryptocentrus	RO:0002470	eats	EOL:39938	Hermit crabs		GEONAMES:3701539	Archipielago de San Blas					Robertson, D. Ross. Responses of Two Coral Reef Toadfishes (Batrachoididae) to the Demise of Their Primary Prey, the Sea Urchin Diadema Antillarum. Copeia, 1987, 637. Accessed April 20, 2015. http://www.jstor.org/stable/1445655.
EOL:994470	Sanopus barbatus	RO:0002470	eats	EOL:39938	Hermit crabs		GEONAMES:3701539	Archipielago de San Blas					Robertson, D. Ross. Responses of Two Coral Reef Toadfishes (Batrachoididae) to the Demise of Their Primary Prey, the Sea Urchin Diadema Antillarum. Copeia, 1987, 637. Accessed April 20, 2015. http://www.jstor.org/stable/1445655.
EOL:1053224	Myozetetes cayanensis	RO:0002470	eats	EOL:2639124	Heteroptera		GEONAMES:3708958	Barro Colorado Island, Panama	9.15	-79.85			Dyrcz, Andrzej, and Heiner Flinks. Nestling Food of the Congeneric and Sympatric Rusty-margined and Social Flycatchers. Journal of Field Ornithology, 2003, 157-65.
EOL:1053227	Myozetetes similis	RO:0002470	eats	EOL:2639124	Heteroptera		GEONAMES:3708958	Barro Colorado Island, Panama	9.15	-79.85			Dyrcz, Andrzej, and Heiner Flinks. Nestling Food of the Congeneric and Sympatric Rusty-margined and Social Flycatchers. Journal of Field Ornithology, 2003, 157-65.
EOL:217410	Balistes vetula	RO:0002470	eats	EOL:52972	Hipponix sp.		GEONAMES:3582452	Carrie Bow Cay, Belize			November, 1983		Reinthal, P. N., Brian Kensley, and S. M. Lewis. Dietary Shifts in the Queen Triggerfish, Balistes Vetula, in the Absence of Its Primary Food Item, Diadema Antillarum. Marine Ecology, 5(2), 1984, 191-95.
EOL:328686	Chrysocyon brachyurus	RO:0002470	eats	EOL:364	Histeridae		GEONAMES:10177077	Noel Kempff Mercado National Park, Bolivia				doi:10.5479/si.00810282.639.37	Castro, Jose Miguel, and Louise H. Emmons. Variation in Diet and Resources. Smithsonian Contributions to Zoology, 2012, 37-55. doi:10.5479/si.00810282.639.37
EOL:328686	Chrysocyon brachyurus	RO:0002470	eats	EOL:1179906	Holochilus brasiliensis		GEONAMES:10177077	Noel Kempff Mercado National Park, Bolivia				doi:10.5479/si.00810282.639.37	Castro, Jose Miguel, and Louise H. Emmons. Variation in Diet and Resources. Smithsonian Contributions to Zoology, 2012, 37-55. doi:10.5479/si.00810282.639.37
EOL:4438768	Micronycteris microtis	RO:0002470	eats	EOL:2645410	Homoptera		GEONAMES:3708958	Barro Colorado Island	9.15	-79.85	(1 March – 31 May 2001	doi:10.1017/S0266467405002920	Kalka, Margareta, and Elisabeth K. V. Kalko. Gleaning Bats as Underestimated Predators of Herbivorous Insects: Diet of Micronycteris Microtis (Phyllostomidae) in Panama. Journal of Tropical Ecology 1 (2006): 1-10.
EOL:328811	Taphozous melanopogon	RO:0002470	eats	EOL:2645410	Homoptera		GEONAMES:1809867	Bidi Cave, Guilin City in Guangxi Province, southwest China	25.456667	111.333333	May to October 2006	doi:10.3161/150811008X331081	Wei, L., N. Han, L. Zhang, Kristofer M. Helgen, S. Parsons, S. Zhou, and S. Zhang. Wing Morphology, Echolocation Calls, Diet and Emergence Time of Black-Bearded Tomb Bats (Taphozous Melanopogon, Emballonuridae) from South-West China. Acta Chiropterologica, 10(1), 2008, 51-59.
EOL:1053224	Myozetetes cayanensis	RO:0002470	eats	EOL:2645410	Homoptera		GEONAMES:3708958	Barro Colorado Island, Panama	9.15	-79.85			Dyrcz, Andrzej, and Heiner Flinks. Nestling Food of the Congeneric and Sympatric Rusty-margined and Social Flycatchers. Journal of Field Ornithology, 2003, 157-65.
EOL:1053227	Myozetetes similis	RO:0002470	eats	EOL:2645410	Homoptera		GEONAMES:3708958	Barro Colorado Island, Panama	9.15	-79.85			Dyrcz, Andrzej, and Heiner Flinks. Nestling Food of the Congeneric and Sympatric Rusty-margined and Social Flycatchers. Journal of Field Ornithology, 2003, 157-65.
EOL:328686	Chrysocyon brachyurus	RO:0002470	eats	EOL:648	Hymenoptera		GEONAMES:10177077	Noel Kempff Mercado National Park, Bolivia				doi:10.5479/si.00810282.639.37	Castro, Jose Miguel, and Louise H. Emmons. Variation in Diet and Resources. Smithsonian Contributions to Zoology, 2012, 37-55. doi:10.5479/si.00810282.639.37
EOL:4438768	Micronycteris microtis	RO:0002470	eats	EOL:648	Hymenoptera		GEONAMES:3708958	Barro Colorado Island	9.15	-79.85	(1 March – 31 May 2001	doi:10.1017/S0266467405002920	Kalka, Margareta, and Elisabeth K. V. Kalko. Gleaning Bats as Underestimated Predators of Herbivorous Insects: Diet of Micronycteris Microtis (Phyllostomidae) in Panama. Journal of Tropical Ecology 1 (2006): 1-10.
EOL:328811	Taphozous melanopogon	RO:0002470	eats	EOL:648	Hymenoptera		GEONAMES:1809867	Bidi Cave, Guilin City in Guangxi Province, southwest China	25.456667	111.333333	May to October 2006	doi:10.3161/150811008X331081	Wei, L., N. Han, L. Zhang, Kristofer M. Helgen, S. Parsons, S. Zhou, and S. Zhang. Wing Morphology, Echolocation Calls, Diet and Emergence Time of Black-Bearded Tomb Bats (Taphozous Melanopogon, Emballonuridae) from South-West China. Acta Chiropterologica, 10(1), 2008, 51-59.
EOL:327236	Aselliscus stoliczkanus	RO:0002470	eats	EOL:648	Hymenoptera		GEONAMES:1814991	provinces in mainland China			November, 2005	doi:10.1644/06-MAMM-A-273R.1	Li, Gang, Bing Liang, Yinan Wang, Huabin Zhao, Kristofer M. Helgen, Liangkong Lin, Gareth Jones, and Shuyi Zhang. "Echolocation Calls, Diet, and Phylogenetic Relationships of Stoliczka's Trident Bat, Aselliscus Stoliczkanus (Hipposideridae)." Journal of Mammalogy: 736-44.
EOL:1053224	Myozetetes cayanensis	RO:0002470	eats	EOL:648	Hymenoptera		GEONAMES:3708958	Barro Colorado Island, Panama	9.15	-79.85			Dyrcz, Andrzej, and Heiner Flinks. Nestling Food of the Congeneric and Sympatric Rusty-margined and Social Flycatchers. Journal of Field Ornithology, 2003, 157-65.
EOL:1053227	Myozetetes similis	RO:0002470	eats	EOL:648	Hymenoptera		GEONAMES:3708958	Barro Colorado Island, Panama	9.15	-79.85			Dyrcz, Andrzej, and Heiner Flinks. Nestling Food of the Congeneric and Sympatric Rusty-margined and Social Flycatchers. Journal of Field Ornithology, 2003, 157-65.
EOL:1057028	Bungarus candidus	RO:0002470	eats	EOL:41273	Ichthyophis sp.								Kuch, U., and George R. Zug. Bungarus Candidus (Malayan Krait). Diet.  Herpetological Review (35): 274, 2004.
EOL:1053224	Myozetetes cayanensis	RO:0002470	eats	EOL:344	Insecta	larva	GEONAMES:3708958	Barro Colorado Island, Panama	9.15	-79.85			Dyrcz, Andrzej, and Heiner Flinks. Nestling Food of the Congeneric and Sympatric Rusty-margined and Social Flycatchers. Journal of Field Ornithology, 2003, 157-65.
EOL:1053224	Myozetetes cayanensis	RO:0002470	eats	EOL:344	Insecta	pupa	GEONAMES:3708958	Barro Colorado Island, Panama	9.15	-79.85			Dyrcz, Andrzej, and Heiner Flinks. Nestling Food of the Congeneric and Sympatric Rusty-margined and Social Flycatchers. Journal of Field Ornithology, 2003, 157-65.
EOL:1053224	Myozetetes cayanensis	RO:0002470	eats	EOL:344	Insecta	imago	GEONAMES:3708958	Barro Colorado Island, Panama	9.15	-79.85			Dyrcz, Andrzej, and Heiner Flinks. Nestling Food of the Congeneric and Sympatric Rusty-margined and Social Flycatchers. Journal of Field Ornithology, 2003, 157-65.
EOL:1053227	Myozetetes similis	RO:0002470	eats	EOL:344	Insecta	larva	GEONAMES:3708958	Barro Colorado Island, Panama	9.15	-79.85			Dyrcz, Andrzej, and Heiner Flinks. Nestling Food of the Congeneric and Sympatric Rusty-margined and Social Flycatchers. Journal of Field Ornithology, 2003, 157-65.
EOL:1053227	Myozetetes similis	RO:0002470	eats	EOL:344	Insecta	imago	GEONAMES:3708958	Barro Colorado Island, Panama	9.15	-79.85			Dyrcz, Andrzej, and Heiner Flinks. Nestling Food of the Congeneric and Sympatric Rusty-margined and Social Flycatchers. Journal of Field Ornithology, 2003, 157-65.
EOL:398606	Pisania tincta	RO:0002439	preys on	EOL:449746	Isognomon bicolor		GEONAMES:4155751	Eastern Florida					Kantor, Y. I., and M. G. Harasewych. The Diet of Pisania Tincta (Gastropoda: Buccinidae) in Eastern Florida. The Veliger, 37(1): 117-118, 1994.
EOL:398606	Pisania tincta	RO:0002439	preys on	EOL:449748	Isognomon radiatus		GEONAMES:4155751	Eastern Florida					Kantor, Y. I., and M. G. Harasewych. The Diet of Pisania Tincta (Gastropoda: Buccinidae) in Eastern Florida. The Veliger, 37(1): 117-118, 1994.
EOL:1053227	Myozetetes similis	RO:0002470	eats	EOL:7230	Isopoda		GEONAMES:3708958	Barro Colorado Island, Panama	9.15	-79.85			Dyrcz, Andrzej, and Heiner Flinks. Nestling Food of the Congeneric and Sympatric Rusty-margined and Social Flycatchers. Journal of Field Ornithology, 2003, 157-65.
EOL:328686	Chrysocyon brachyurus	RO:0002470	eats	EOL:742	Isoptera		GEONAMES:10177077	Noel Kempff Mercado National Park, Bolivia				doi:10.5479/si.00810282.639.37	Castro, Jose Miguel, and Louise H. Emmons. Variation in Diet and Resources. Smithsonian Contributions to Zoology, 2012, 37-55. doi:10.5479/si.00810282.639.37
EOL:4438768	Micronycteris microtis	RO:0002470	eats	EOL:742	Isoptera		GEONAMES:3708958	Barro Colorado Island	9.15	-79.85	(1 March – 31 May 2001	doi:10.1017/S0266467405002920	Kalka, Margareta, and Elisabeth K. V. Kalko. Gleaning Bats as Underestimated Predators of Herbivorous Insects: Diet of Micronycteris Microtis (Phyllostomidae) in Panama. Journal of Tropical Ecology 1 (2006): 1-10.
EOL:328811	Taphozous melanopogon	RO:0002470	eats	EOL:742	Isoptera		GEONAMES:1809867	Bidi Cave, Guilin City in Guangxi Province, southwest China	25.456667	111.333333	May to October 2006	doi:10.3161/150811008X331081	Wei, L., N. Han, L. Zhang, Kristofer M. Helgen, S. Parsons, S. Zhou, and S. Zhang. Wing Morphology, Echolocation Calls, Diet and Emergence Time of Black-Bearded Tomb Bats (Taphozous Melanopogon, Emballonuridae) from South-West China. Acta Chiropterologica, 10(1), 2008, 51-59.
EOL:1053224	Myozetetes cayanensis	RO:0002470	eats	EOL:742	Isoptera		GEONAMES:3708958	Barro Colorado Island, Panama	9.15	-79.85			Dyrcz, Andrzej, and Heiner Flinks. Nestling Food of the Congeneric and Sympatric Rusty-margined and Social Flycatchers. Journal of Field Ornithology, 2003, 157-65.
EOL:1053227	Myozetetes similis	RO:0002470	eats	EOL:742	Isoptera		GEONAMES:3708958	Barro Colorado Island, Panama	9.15	-79.85			Dyrcz, Andrzej, and Heiner Flinks. Nestling Food of the Congeneric and Sympatric Rusty-margined and Social Flycatchers. Journal of Field Ornithology, 2003, 157-65.
EOL:328686	Chrysocyon brachyurus	RO:0002470	eats	EOL:219	Ixodidae		GEONAMES:10177077	Noel Kempff Mercado National Park, Bolivia				doi:10.5479/si.00810282.639.37	Castro, Jose Miguel, and Louise H. Emmons. Variation in Diet and Resources. Smithsonian Contributions to Zoology, 2012, 37-55. doi:10.5479/si.00810282.639.37
EOL:328686	Chrysocyon brachyurus	RO:0002470	eats	EOL:323503	Juscelinomys huanchacae		GEONAMES:10177077	Noel Kempff Mercado National Park, Bolivia				doi:10.5479/si.00810282.639.37	Castro, Jose Miguel, and Louise H. Emmons. Variation in Diet and Resources. Smithsonian Contributions to Zoology, 2012, 37-55. doi:10.5479/si.00810282.639.37
EOL:1053224	Myozetetes cayanensis	RO:0002470	eats	EOL:747	Lepidoptera	larva	GEONAMES:3708958	Barro Colorado Island, Panama	9.15	-79.85			Dyrcz, Andrzej, and Heiner Flinks. Nestling Food of the Congeneric and Sympatric Rusty-margined and Social Flycatchers. Journal of Field Ornithology, 2003, 157-65.
EOL:1053224	Myozetetes cayanensis	RO:0002470	eats	EOL:747	Lepidoptera	imago	GEONAMES:3708958	Barro Colorado Island, Panama	9.15	-79.85			Dyrcz, Andrzej, and Heiner Flinks. Nestling Food of the Congeneric and Sympatric Rusty-margined and Social Flycatchers. Journal of Field Ornithology, 2003, 157-65.
EOL:1053227	Myozetetes similis	RO:0002470	eats	EOL:747	Lepidoptera	larva	GEONAMES:3708958	Barro Colorado Island, Panama	9.15	-79.85			Dyrcz, Andrzej, and Heiner Flinks. Nestling Food of the Congeneric and Sympatric Rusty-margined and Social Flycatchers. Journal of Field Ornithology, 2003, 157-65.
EOL:1053227	Myozetetes similis	RO:0002470	eats	EOL:747	Lepidoptera	imago	GEONAMES:3708958	Barro Colorado Island, Panama	9.15	-79.85			Dyrcz, Andrzej, and Heiner Flinks. Nestling Food of the Congeneric and Sympatric Rusty-margined and Social Flycatchers. Journal of Field Ornithology, 2003, 157-65.
EOL:4438768	Micronycteris microtis	RO:0002470	eats	EOL:747	Lepidoptera		GEONAMES:3708958	Barro Colorado Island	9.15	-79.85	(1 March – 31 May 2001	doi:10.1017/S0266467405002920	Kalka, Margareta, and Elisabeth K. V. Kalko. Gleaning Bats as Underestimated Predators of Herbivorous Insects: Diet of Micronycteris Microtis (Phyllostomidae) in Panama. Journal of Tropical Ecology 1 (2006): 1-10.
EOL:4438768	Micronycteris microtis	RO:0002470	eats	EOL:747	Lepidoptera		GEONAMES:3708958	Barro Colorado Island	9.15	-79.85	(1 March – 31 May 2001	doi:10.1017/S0266467405002920	Kalka, Margareta, and Elisabeth K. V. Kalko. Gleaning Bats as Underestimated Predators of Herbivorous Insects: Diet of Micronycteris Microtis (Phyllostomidae) in Panama. Journal of Tropical Ecology 1 (2006): 1-10.
EOL:328811	Taphozous melanopogon	RO:0002470	eats	EOL:747	Lepidoptera		GEONAMES:1809867	Bidi Cave, Guilin City in Guangxi Province, southwest China	25.456667	111.333333	May to October 2006	doi:10.3161/150811008X331081	Wei, L., N. Han, L. Zhang, Kristofer M. Helgen, S. Parsons, S. Zhou, and S. Zhang. Wing Morphology, Echolocation Calls, Diet and Emergence Time of Black-Bearded Tomb Bats (Taphozous Melanopogon, Emballonuridae) from South-West China. Acta Chiropterologica, 10(1), 2008, 51-59.
EOL:327236	Aselliscus stoliczkanus	RO:0002470	eats	EOL:747	Lepidoptera		GEONAMES:1814991	provinces in mainland China			November, 2005	doi:10.1644/06-MAMM-A-273R.1	Li, Gang, Bing Liang, Yinan Wang, Huabin Zhao, Kristofer M. Helgen, Liangkong Lin, Gareth Jones, and Shuyi Zhang. "Echolocation Calls, Diet, and Phylogenetic Relationships of Stoliczka's Trident Bat, Aselliscus Stoliczkanus (Hipposideridae)." Journal of Mammalogy: 736-44.
EOL:217410	Balistes vetula	RO:0002470	eats	EOL:50310	Lima sp.		GEONAMES:3582452	Carrie Bow Cay, Belize			November, 1983		Reinthal, P. N., Brian Kensley, and S. M. Lewis. Dietary Shifts in the Queen Triggerfish, Balistes Vetula, in the Absence of Its Primary Food Item, Diadema Antillarum. Marine Ecology, 5(2), 1984, 191-95.
EOL:217410	Balistes vetula	RO:0002470	eats	EOL:57677	Lithophaga sp.		GEONAMES:3582452	Carrie Bow Cay, Belize			November, 1983		Reinthal, P. N., Brian Kensley, and S. M. Lewis. Dietary Shifts in the Queen Triggerfish, Balistes Vetula, in the Absence of Its Primary Food Item, Diadema Antillarum. Marine Ecology, 5(2), 1984, 191-95.
EOL:213781	Amphichthys cryptocentrus	RO:0002470	eats	EOL:7161	Lobster		GEONAMES:3701539	Archipielago de San Blas					Robertson, D. Ross. Responses of Two Coral Reef Toadfishes (Batrachoididae) to the Demise of Their Primary Prey, the Sea Urchin Diadema Antillarum. Copeia, 1987, 637. Accessed April 20, 2015. http://www.jstor.org/stable/1445655.
EOL:994470	Sanopus barbatus	RO:0002470	eats	EOL:7161	Lobster		GEONAMES:3701539	Archipielago de San Blas					Robertson, D. Ross. Responses of Two Coral Reef Toadfishes (Batrachoididae) to the Demise of Their Primary Prey, the Sea Urchin Diadema Antillarum. Copeia, 1987, 637. Accessed April 20, 2015. http://www.jstor.org/stable/1445655.
EOL:217410	Balistes vetula	RO:0002470	eats	EOL:451147	lschnochiton erythronotus		GEONAMES:3582452	Carrie Bow Cay, Belize			November, 1983		Reinthal, P. N., Brian Kensley, and S. M. Lewis. Dietary Shifts in the Queen Triggerfish, Balistes Vetula, in the Absence of Its Primary Food Item, Diadema Antillarum. Marine Ecology, 5(2), 1984, 191-95.
EOL:217410	Balistes vetula	RO:0002470	eats	EOL:57670	lsognomon sp.		GEONAMES:3582452	Carrie Bow Cay, Belize			November, 1983		Reinthal, P. N., Brian Kensley, and S. M. Lewis. Dietary Shifts in the Queen Triggerfish, Balistes Vetula, in the Absence of Its Primary Food Item, Diadema Antillarum. Marine Ecology, 5(2), 1984, 191-95.
EOL:217410	Balistes vetula	RO:0002470	eats	EOL:620566	Lucapina eolis		GEONAMES:3582452	Carrie Bow Cay, Belize			November, 1983		Reinthal, P. N., Brian Kensley, and S. M. Lewis. Dietary Shifts in the Queen Triggerfish, Balistes Vetula, in the Absence of Its Primary Food Item, Diadema Antillarum. Marine Ecology, 5(2), 1984, 191-95.
EOL:217410	Balistes vetula	RO:0002470	eats	EOL:39524	Lumbrineris sp.		GEONAMES:3582452	Carrie Bow Cay, Belize			November, 1983		Reinthal, P. N., Brian Kensley, and S. M. Lewis. Dietary Shifts in the Queen Triggerfish, Balistes Vetula, in the Absence of Its Primary Food Item, Diadema Antillarum. Marine Ecology, 5(2), 1984, 191-95.
EOL:217410	Balistes vetula	RO:0002470	eats		Lysidice sp.		GEONAMES:3582452	Carrie Bow Cay, Belize			November, 1983		Reinthal, P. N., Brian Kensley, and S. M. Lewis. Dietary Shifts in the Queen Triggerfish, Balistes Vetula, in the Absence of Its Primary Food Item, Diadema Antillarum. Marine Ecology, 5(2), 1984, 191-95.
EOL:1057028	Bungarus candidus	RO:0002470	eats	EOL:32171	Mabuya sp.								Kuch, U., and George R. Zug. Bungarus Candidus (Malayan Krait). Diet.  Herpetological Review (35): 274, 2004.
EOL:328686	Chrysocyon brachyurus	RO:0002470	eats	EOL:32171	Mabuya sp.		GEONAMES:10177077	Noel Kempff Mercado National Park, Bolivia				doi:10.5479/si.00810282.639.37	Castro, Jose Miguel, and Louise H. Emmons. Variation in Diet and Resources. Smithsonian Contributions to Zoology, 2012, 37-55. doi:10.5479/si.00810282.639.37
EOL:217410	Balistes vetula	RO:0002470	eats	EOL:155	Maldanids (several fragments)		GEONAMES:3582452	Carrie Bow Cay, Belize			November, 1983		Reinthal, P. N., Brian Kensley, and S. M. Lewis. Dietary Shifts in the Queen Triggerfish, Balistes Vetula, in the Absence of Its Primary Food Item, Diadema Antillarum. Marine Ecology, 5(2), 1984, 191-95.
EOL:1053224	Myozetetes cayanensis	RO:0002470	eats	EOL:418	Mantidae		GEONAMES:3708958	Barro Colorado Island, Panama	9.15	-79.85			Dyrcz, Andrzej, and Heiner Flinks. Nestling Food of the Congeneric and Sympatric Rusty-margined and Social Flycatchers. Journal of Field Ornithology, 2003, 157-65.
EOL:328811	Taphozous melanopogon	RO:0002470	eats	EOL:416	Mantodea		GEONAMES:1809867	Bidi Cave, Guilin City in Guangxi Province, southwest China	25.456667	111.333333	May to October 2006	doi:10.3161/150811008X331081	Wei, L., N. Han, L. Zhang, Kristofer M. Helgen, S. Parsons, S. Zhou, and S. Zhang. Wing Morphology, Echolocation Calls, Diet and Emergence Time of Black-Bearded Tomb Bats (Taphozous Melanopogon, Emballonuridae) from South-West China. Acta Chiropterologica, 10(1), 2008, 51-59.
EOL:328686	Chrysocyon brachyurus	RO:0002470	eats	EOL:999300	Marmosa murina		GEONAMES:10177077	Noel Kempff Mercado National Park, Bolivia				doi:10.5479/si.00810282.639.37	Castro, Jose Miguel, and Louise H. Emmons. Variation in Diet and Resources. Smithsonian Contributions to Zoology, 2012, 37-55. doi:10.5479/si.00810282.639.37
EOL:328686	Chrysocyon brachyurus	RO:0002470	eats	EOL:1138928	Mauritiella armata		GEONAMES:10177077	Noel Kempff Mercado National Park, Bolivia				doi:10.5479/si.00810282.639.37	Castro, Jose Miguel, and Louise H. Emmons. Variation in Diet and Resources. Smithsonian Contributions to Zoology, 2012, 37-55. doi:10.5479/si.00810282.639.37
EOL:1053227	Myozetetes similis	RO:0002470	eats	EOL:928	Mecoptera		GEONAMES:3708958	Barro Colorado Island, Panama	9.15	-79.85			Dyrcz, Andrzej, and Heiner Flinks. Nestling Food of the Congeneric and Sympatric Rusty-margined and Social Flycatchers. Journal of Field Ornithology, 2003, 157-65.
EOL:328811	Taphozous melanopogon	RO:0002470	eats	EOL:934	Megaloptera		GEONAMES:1809867	Bidi Cave, Guilin City in Guangxi Province, southwest China	25.456667	111.333333	May to October 2006	doi:10.3161/150811008X331081	Wei, L., N. Han, L. Zhang, Kristofer M. Helgen, S. Parsons, S. Zhou, and S. Zhang. Wing Morphology, Echolocation Calls, Diet and Emergence Time of Black-Bearded Tomb Bats (Taphozous Melanopogon, Emballonuridae) from South-West China. Acta Chiropterologica, 10(1), 2008, 51-59.
EOL:328686	Chrysocyon brachyurus	RO:0002470	eats	EOL:326967	Mesomys hispidus		GEONAMES:10177077	Noel Kempff Mercado National Park, Bolivia				doi:10.5479/si.00810282.639.37	Castro, Jose Miguel, and Louise H. Emmons. Variation in Diet and Resources. Smithsonian Contributions to Zoology, 2012, 37-55. doi:10.5479/si.00810282.639.37
EOL:328686	Chrysocyon brachyurus	RO:0002470	eats	EOL:5430882	Miconia albicans		GEONAMES:10177077	Noel Kempff Mercado National Park, Bolivia				doi:10.5479/si.00810282.639.37	Castro, Jose Miguel, and Louise H. Emmons. Variation in Diet and Resources. Smithsonian Contributions to Zoology, 2012, 37-55. doi:10.5479/si.00810282.639.37
EOL:1053224	Myozetetes cayanensis	RO:0002470	eats	EOL:5430943	Miconia argentea		GEONAMES:3708958	Barro Colorado Island, Panama	9.15	-79.85			Dyrcz, Andrzej, and Heiner Flinks. Nestling Food of the Congeneric and Sympatric Rusty-margined and Social Flycatchers. Journal of Field Ornithology, 2003, 157-65.
EOL:1053227	Myozetetes similis	RO:0002470	eats	EOL:5430943	Miconia argentea		GEONAMES:3708958	Barro Colorado Island, Panama	9.15	-79.85			Dyrcz, Andrzej, and Heiner Flinks. Nestling Food of the Congeneric and Sympatric Rusty-margined and Social Flycatchers. Journal of Field Ornithology, 2003, 157-65.
EOL:1053227	Myozetetes similis	RO:0002470	eats	EOL:60394	Miconia sp.		GEONAMES:3708958	Barro Colorado Island, Panama	9.15	-79.85			Dyrcz, Andrzej, and Heiner Flinks. Nestling Food of the Congeneric and Sympatric Rusty-margined and Social Flycatchers. Journal of Field Ornithology, 2003, 157-65.
EOL:1053224	Myozetetes cayanensis	RO:0002470	eats	EOL:60394	Miconia spp.		GEONAMES:3708958	Barro Colorado Island, Panama	9.15	-79.85			Dyrcz, Andrzej, and Heiner Flinks. Nestling Food of the Congeneric and Sympatric Rusty-margined and Social Flycatchers. Journal of Field Ornithology, 2003, 157-65.
EOL:217410	Balistes vetula	RO:0002470	eats		Mithrax coryphe		GEONAMES:3582452	Carrie Bow Cay, Belize			November, 1983		Reinthal, P. N., Brian Kensley, and S. M. Lewis. Dietary Shifts in the Queen Triggerfish, Balistes Vetula, in the Absence of Its Primary Food Item, Diadema Antillarum. Marine Ecology, 5(2), 1984, 191-95.
EOL:217410	Balistes vetula	RO:0002470	eats		Mithrax forceps		GEONAMES:3582452	Carrie Bow Cay, Belize			November, 1983		Reinthal, P. N., Brian Kensley, and S. M. Lewis. Dietary Shifts in the Queen Triggerfish, Balistes Vetula, in the Absence of Its Primary Food Item, Diadema Antillarum. Marine Ecology, 5(2), 1984, 191-95.
EOL:217410	Balistes vetula	RO:0002470	eats		Mithrax spp.		GEONAMES:3582452	Carrie Bow Cay, Belize			November, 1983		Reinthal, P. N., Brian Kensley, and S. M. Lewis. Dietary Shifts in the Queen Triggerfish, Balistes Vetula, in the Absence of Its Primary Food Item, Diadema Antillarum. Marine Ecology, 5(2), 1984, 191-95.
EOL:1053224	Myozetetes cayanensis	RO:0002470	eats	EOL:2195	Mollusks (Gastropoda)		GEONAMES:3708958	Barro Colorado Island, Panama	9.15	-79.85			Dyrcz, Andrzej, and Heiner Flinks. Nestling Food of the Congeneric and Sympatric Rusty-margined and Social Flycatchers. Journal of Field Ornithology, 2003, 157-65.
EOL:1053227	Myozetetes similis	RO:0002470	eats	EOL:2195	Mollusks (Gastropoda)		GEONAMES:3708958	Barro Colorado Island, Panama	9.15	-79.85			Dyrcz, Andrzej, and Heiner Flinks. Nestling Food of the Congeneric and Sympatric Rusty-margined and Social Flycatchers. Journal of Field Ornithology, 2003, 157-65.
EOL:328686	Chrysocyon brachyurus	RO:0002470	eats	EOL:5496605	Moutabea longifolia		GEONAMES:10177077	Noel Kempff Mercado National Park, Bolivia				doi:10.5479/si.00810282.639.37	Castro, Jose Miguel, and Louise H. Emmons. Variation in Diet and Resources. Smithsonian Contributions to Zoology, 2012, 37-55. doi:10.5479/si.00810282.639.37
EOL:217410	Balistes vetula	RO:0002470	eats	EOL:53221	Neanthes		GEONAMES:3582452	Carrie Bow Cay, Belize			November, 1983		Reinthal, P. N., Brian Kensley, and S. M. Lewis. Dietary Shifts in the Queen Triggerfish, Balistes Vetula, in the Absence of Its Primary Food Item, Diadema Antillarum. Marine Ecology, 5(2), 1984, 191-95.
EOL:328686	Chrysocyon brachyurus	RO:0002470	eats	EOL:4464255	Necromys lenguarum		GEONAMES:10177077	Noel Kempff Mercado National Park, Bolivia				doi:10.5479/si.00810282.639.37	Castro, Jose Miguel, and Louise H. Emmons. Variation in Diet and Resources. Smithsonian Contributions to Zoology, 2012, 37-55. doi:10.5479/si.00810282.639.37
EOL:217410	Balistes vetula	RO:0002470	eats		Nephthyid		GEONAMES:3582452	Carrie Bow Cay, Belize			November, 1983		Reinthal, P. N., Brian Kensley, and S. M. Lewis. Dietary Shifts in the Queen Triggerfish, Balistes Vetula, in the Absence of Its Primary Food Item, Diadema Antillarum. Marine Ecology, 5(2), 1984, 191-95.
EOL:217410	Balistes vetula	RO:0002470	eats		Nereis sp.		GEONAMES:3582452	Carrie Bow Cay, Belize			November, 1983		Reinthal, P. N., Brian Kensley, and S. M. Lewis. Dietary Shifts in the Queen Triggerfish, Balistes Vetula, in the Absence of Its Primary Food Item, Diadema Antillarum. Marine Ecology, 5(2), 1984, 191-95.
EOL:4438768	Micronycteris microtis	RO:0002470	eats	EOL:937	Neuroptera		GEONAMES:3708958	Barro Colorado Island	9.15	-79.85	(1 March – 31 May 2001	doi:10.1017/S0266467405002920	Kalka, Margareta, and Elisabeth K. V. Kalko. Gleaning Bats as Underestimated Predators of Herbivorous Insects: Diet of Micronycteris Microtis (Phyllostomidae) in Panama. Journal of Tropical Ecology 1 (2006): 1-10.
EOL:328811	Taphozous melanopogon	RO:0002470	eats	EOL:937	Neuroptera		GEONAMES:1809867	Bidi Cave, Guilin City in Guangxi Province, southwest China	25.456667	111.333333	May to October 2006	doi:10.3161/150811008X331081	Wei, L., N. Han, L. Zhang, Kristofer M. Helgen, S. Parsons, S. Zhou, and S. Zhang. Wing Morphology, Echolocation Calls, Diet and Emergence Time of Black-Bearded Tomb Bats (Taphozous Melanopogon, Emballonuridae) from South-West China. Acta Chiropterologica, 10(1), 2008, 51-59.
EOL:1053227	Myozetetes similis	RO:0002470	eats	EOL:937	Neuroptera		GEONAMES:3708958	Barro Colorado Island, Panama	9.15	-79.85			Dyrcz, Andrzej, and Heiner Flinks. Nestling Food of the Congeneric and Sympatric Rusty-margined and Social Flycatchers. Journal of Field Ornithology, 2003, 157-65.
EOL:1053224	Myozetetes cayanensis	RO:0002470	eats	EOL:617	Notonectidae		GEONAMES:3708958	Barro Colorado Island, Panama	9.15	-79.85			Dyrcz, Andrzej, and Heiner Flinks. Nestling Food of the Congeneric and Sympatric Rusty-margined and Social Flycatchers. Journal of Field Ornithology, 2003, 157-65.
EOL:1053227	Myozetetes similis	RO:0002470	eats	EOL:617	Notonectidae		GEONAMES:3708958	Barro Colorado Island, Panama	9.15	-79.85			Dyrcz, Andrzej, and Heiner Flinks. Nestling Food of the Congeneric and Sympatric Rusty-margined and Social Flycatchers. Journal of Field Ornithology, 2003, 157-65.
EOL:1053227	Myozetetes similis	RO:0002470	eats	EOL:5393621	Ocotea cernua		GEONAMES:3708958	Barro Colorado Island, Panama	9.15	-79.85			Dyrcz, Andrzej, and Heiner Flinks. Nestling Food of the Congeneric and Sympatric Rusty-margined and Social Flycatchers. Journal of Field Ornithology, 2003, 157-65.
EOL:213781	Amphichthys cryptocentrus	RO:0002470	eats	EOL:2315	Octopods		GEONAMES:3701539	Archipielago de San Blas					Robertson, D. Ross. Responses of Two Coral Reef Toadfishes (Batrachoididae) to the Demise of Their Primary Prey, the Sea Urchin Diadema Antillarum. Copeia, 1987, 637. Accessed April 20, 2015. http://www.jstor.org/stable/1445655.
EOL:994470	Sanopus barbatus	RO:0002470	eats	EOL:2315	Octopods		GEONAMES:3701539	Archipielago de San Blas					Robertson, D. Ross. Responses of Two Coral Reef Toadfishes (Batrachoididae) to the Demise of Their Primary Prey, the Sea Urchin Diadema Antillarum. Copeia, 1987, 637. Accessed April 20, 2015. http://www.jstor.org/stable/1445655.
EOL:1053224	Myozetetes cayanensis	RO:0002470	eats	EOL:952	Odonata	larva	GEONAMES:3708958	Barro Colorado Island, Panama	9.15	-79.85			Dyrcz, Andrzej, and Heiner Flinks. Nestling Food of the Congeneric and Sympatric Rusty-margined and Social Flycatchers. Journal of Field Ornithology, 2003, 157-65.
EOL:1053224	Myozetetes cayanensis	RO:0002470	eats	EOL:952	Odonata	imago	GEONAMES:3708958	Barro Colorado Island, Panama	9.15	-79.85			Dyrcz, Andrzej, and Heiner Flinks. Nestling Food of the Congeneric and Sympatric Rusty-margined and Social Flycatchers. Journal of Field Ornithology, 2003, 157-65.
EOL:1053227	Myozetetes similis	RO:0002470	eats	EOL:952	Odonata	larva	GEONAMES:3708958	Barro Colorado Island, Panama	9.15	-79.85			Dyrcz, Andrzej, and Heiner Flinks. Nestling Food of the Congeneric and Sympatric Rusty-margined and Social Flycatchers. Journal of Field Ornithology, 2003, 157-65.
EOL:1053227	Myozetetes similis	RO:0002470	eats	EOL:952	Odonata	imago	GEONAMES:3708958	Barro Colorado Island, Panama	9.15	-79.85			Dyrcz, Andrzej, and Heiner Flinks. Nestling Food of the Congeneric and Sympatric Rusty-margined and Social Flycatchers. Journal of Field Ornithology, 2003, 157-65.
EOL:328811	Taphozous melanopogon	RO:0002470	eats	EOL:952	Odonata		GEONAMES:1809867	Bidi Cave, Guilin City in Guangxi Province, southwest China	25.456667	111.333333	May to October 2006	doi:10.3161/150811008X331081	Wei, L., N. Han, L. Zhang, Kristofer M. Helgen, S. Parsons, S. Zhou, and S. Zhang. Wing Morphology, Echolocation Calls, Diet and Emergence Time of Black-Bearded Tomb Bats (Taphozous Melanopogon, Emballonuridae) from South-West China. Acta Chiropterologica, 10(1), 2008, 51-59.
EOL:327236	Aselliscus stoliczkanus	RO:0002470	eats	EOL:952	Odonata		GEONAMES:1814991	provinces in mainland China			November, 2005	doi:10.1644/06-MAMM-A-273R.1	Li, Gang, Bing Liang, Yinan Wang, Huabin Zhao, Kristofer M. Helgen, Liangkong Lin, Gareth Jones, and Shuyi Zhang. "Echolocation Calls, Diet, and Phylogenetic Relationships of Stoliczka's Trident Bat, Aselliscus Stoliczkanus (Hipposideridae)." Journal of Mammalogy: 736-44.
EOL:328686	Chrysocyon brachyurus	RO:0002470	eats	EOL:13034639	Oecomys sydandersoni		GEONAMES:10177077	Noel Kempff Mercado National Park, Bolivia				doi:10.5479/si.00810282.639.37	Castro, Jose Miguel, and Louise H. Emmons. Variation in Diet and Resources. Smithsonian Contributions to Zoology, 2012, 37-55. doi:10.5479/si.00810282.639.37
EOL:328686	Chrysocyon brachyurus	RO:0002470	eats	EOL:1179988	Oligoryzomys microtis		GEONAMES:10177077	Noel Kempff Mercado National Park, Bolivia				doi:10.5479/si.00810282.639.37	Castro, Jose Miguel, and Louise H. Emmons. Variation in Diet and Resources. Smithsonian Contributions to Zoology, 2012, 37-55. doi:10.5479/si.00810282.639.37
EOL:217410	Balistes vetula	RO:0002470	eats	EOL:17287	Onuphis sp.		GEONAMES:3582452	Carrie Bow Cay, Belize			November, 1983		Reinthal, P. N., Brian Kensley, and S. M. Lewis. Dietary Shifts in the Queen Triggerfish, Balistes Vetula, in the Absence of Its Primary Food Item, Diadema Antillarum. Marine Ecology, 5(2), 1984, 191-95.
EOL:217410	Balistes vetula	RO:0002470	eats	EOL:598333	Ophiocoma echinata		GEONAMES:3582452	Carrie Bow Cay, Belize			November, 1983		Reinthal, P. N., Brian Kensley, and S. M. Lewis. Dietary Shifts in the Queen Triggerfish, Balistes Vetula, in the Absence of Its Primary Food Item, Diadema Antillarum. Marine Ecology, 5(2), 1984, 191-95.
EOL:217410	Balistes vetula	RO:0002470	eats	EOL:2036	Ophiuroids		GEONAMES:3582452	Carrie Bow Cay, Belize			November, 1983		Reinthal, P. N., Brian Kensley, and S. M. Lewis. Dietary Shifts in the Queen Triggerfish, Balistes Vetula, in the Absence of Its Primary Food Item, Diadema Antillarum. Marine Ecology, 5(2), 1984, 191-95.
EOL:328686	Chrysocyon brachyurus	RO:0002470	eats	EOL:683	Orthoptera		GEONAMES:10177077	Noel Kempff Mercado National Park, Bolivia				doi:10.5479/si.00810282.639.37	Castro, Jose Miguel, and Louise H. Emmons. Variation in Diet and Resources. Smithsonian Contributions to Zoology, 2012, 37-55. doi:10.5479/si.00810282.639.37
EOL:4438768	Micronycteris microtis	RO:0002470	eats	EOL:683	Orthoptera		GEONAMES:3708958	Barro Colorado Island	9.15	-79.85	(1 March – 31 May 2001	doi:10.1017/S0266467405002920	Kalka, Margareta, and Elisabeth K. V. Kalko. Gleaning Bats as Underestimated Predators of Herbivorous Insects: Diet of Micronycteris Microtis (Phyllostomidae) in Panama. Journal of Tropical Ecology 1 (2006): 1-10.
EOL:328811	Taphozous melanopogon	RO:0002470	eats	EOL:683	Orthoptera		GEONAMES:1809867	Bidi Cave, Guilin City in Guangxi Province, southwest China	25.456667	111.333333	May to October 2006	doi:10.3161/150811008X331081	Wei, L., N. Han, L. Zhang, Kristofer M. Helgen, S. Parsons, S. Zhou, and S. Zhang. Wing Morphology, Echolocation Calls, Diet and Emergence Time of Black-Bearded Tomb Bats (Taphozous Melanopogon, Emballonuridae) from South-West China. Acta Chiropterologica, 10(1), 2008, 51-59.
EOL:1053224	Myozetetes cayanensis	RO:0002470	eats	EOL:683	Orthoptera		GEONAMES:3708958	Barro Colorado Island, Panama	9.15	-79.85			Dyrcz, Andrzej, and Heiner Flinks. Nestling Food of the Congeneric and Sympatric Rusty-margined and Social Flycatchers. Journal of Field Ornithology, 2003, 157-65.
EOL:1053227	Myozetetes similis	RO:0002470	eats	EOL:683	Orthoptera		GEONAMES:3708958	Barro Colorado Island, Panama	9.15	-79.85			Dyrcz, Andrzej, and Heiner Flinks. Nestling Food of the Congeneric and Sympatric Rusty-margined and Social Flycatchers. Journal of Field Ornithology, 2003, 157-65.
EOL:217410	Balistes vetula	RO:0002470	eats	EOL:471612	Palola sicilensis		GEONAMES:3582452	Carrie Bow Cay, Belize			November, 1983		Reinthal, P. N., Brian Kensley, and S. M. Lewis. Dietary Shifts in the Queen Triggerfish, Balistes Vetula, in the Absence of Its Primary Food Item, Diadema Antillarum. Marine Ecology, 5(2), 1984, 191-95.
EOL:328686	Chrysocyon brachyurus	RO:0002470	eats	EOL:2655195	Passalidae		GEONAMES:10177077	Noel Kempff Mercado National Park, Bolivia				doi:10.5479/si.00810282.639.37	Castro, Jose Miguel, and Louise H. Emmons. Variation in Diet and Resources. Smithsonian Contributions to Zoology, 2012, 37-55. doi:10.5479/si.00810282.639.37
EOL:1053224	Myozetetes cayanensis	RO:0002470	eats	EOL:5741146	Passiflora auriculata		GEONAMES:3708958	Barro Colorado Island, Panama	9.15	-79.85			Dyrcz, Andrzej, and Heiner Flinks. Nestling Food of the Congeneric and Sympatric Rusty-margined and Social Flycatchers. Journal of Field Ornithology, 2003, 157-65.
EOL:1053227	Myozetetes similis	RO:0002470	eats	EOL:5741146	Passiflora auriculata		GEONAMES:3708958	Barro Colorado Island, Panama	9.15	-79.85			Dyrcz, Andrzej, and Heiner Flinks. Nestling Food of the Congeneric and Sympatric Rusty-margined and Social Flycatchers. Journal of Field Ornithology, 2003, 157-65.
EOL:328811	Taphozous melanopogon	RO:0002470	eats	EOL:645	Phasmida		GEONAMES:1809867	Bidi Cave, Guilin City in Guangxi Province, southwest China	25.456667	111.333333	May to October 2006	doi:10.3161/150811008X331081	Wei, L., N. Han, L. Zhang, Kristofer M. Helgen, S. Parsons, S. Zhou, and S. Zhang. Wing Morphology, Echolocation Calls, Diet and Emergence Time of Black-Bearded Tomb Bats (Taphozous Melanopogon, Emballonuridae) from South-West China. Acta Chiropterologica, 10(1), 2008, 51-59.
EOL:4438768	Micronycteris microtis	RO:0002470	eats	EOL:1001	Phasmidae		GEONAMES:3708958	Barro Colorado Island	9.15	-79.85	(1 March – 31 May 2001	doi:10.1017/S0266467405002920	Kalka, Margareta, and Elisabeth K. V. Kalko. Gleaning Bats as Underestimated Predators of Herbivorous Insects: Diet of Micronycteris Microtis (Phyllostomidae) in Panama. Journal of Tropical Ecology 1 (2006): 1-10.
EOL:1053227	Myozetetes similis	RO:0002470	eats	EOL:5094805	Phthirusa pyrifolia		GEONAMES:3708958	Barro Colorado Island, Panama	9.15	-79.85			Dyrcz, Andrzej, and Heiner Flinks. Nestling Food of the Congeneric and Sympatric Rusty-margined and Social Flycatchers. Journal of Field Ornithology, 2003, 157-65.
EOL:217410	Balistes vetula	RO:0002470	eats	EOL:344573	Pitho aculeata		GEONAMES:3582452	Carrie Bow Cay, Belize			November, 1983		Reinthal, P. N., Brian Kensley, and S. M. Lewis. Dietary Shifts in the Queen Triggerfish, Balistes Vetula, in the Absence of Its Primary Food Item, Diadema Antillarum. Marine Ecology, 5(2), 1984, 191-95.
EOL:217410	Balistes vetula	RO:0002470	eats	EOL:343189	Pitho anisodon		GEONAMES:3582452	Carrie Bow Cay, Belize			November, 1983		Reinthal, P. N., Brian Kensley, and S. M. Lewis. Dietary Shifts in the Queen Triggerfish, Balistes Vetula, in the Absence of Its Primary Food Item, Diadema Antillarum. Marine Ecology, 5(2), 1984, 191-95.
EOL:217410	Balistes vetula	RO:0002470	eats	EOL:39811	Pitho spp.		GEONAMES:3582452	Carrie Bow Cay, Belize			November, 1983		Reinthal, P. N., Brian Kensley, and S. M. Lewis. Dietary Shifts in the Queen Triggerfish, Balistes Vetula, in the Absence of Its Primary Food Item, Diadema Antillarum. Marine Ecology, 5(2), 1984, 191-95.
EOL:217410	Balistes vetula	RO:0002470	eats	EOL:50498	Platynereis sp.		GEONAMES:3582452	Carrie Bow Cay, Belize			November, 1983		Reinthal, P. N., Brian Kensley, and S. M. Lewis. Dietary Shifts in the Queen Triggerfish, Balistes Vetula, in the Absence of Its Primary Food Item, Diadema Antillarum. Marine Ecology, 5(2), 1984, 191-95.
EOL:1053227	Myozetetes similis	RO:0002470	eats	EOL:247461	Pleiostachya pruinosa		GEONAMES:3708958	Barro Colorado Island, Panama	9.15	-79.85			Dyrcz, Andrzej, and Heiner Flinks. Nestling Food of the Congeneric and Sympatric Rusty-margined and Social Flycatchers. Journal of Field Ornithology, 2003, 157-65.
EOL:328686	Chrysocyon brachyurus	RO:0002470	eats	EOL:8223	Poaceae spp.		GEONAMES:10177077	Noel Kempff Mercado National Park, Bolivia				doi:10.5479/si.00810282.639.37	Castro, Jose Miguel, and Louise H. Emmons. Variation in Diet and Resources. Smithsonian Contributions to Zoology, 2012, 37-55. doi:10.5479/si.00810282.639.37
EOL:217410	Balistes vetula	RO:0002470	eats	EOL:7193	Porcellanids		GEONAMES:3582452	Carrie Bow Cay, Belize			November, 1983		Reinthal, P. N., Brian Kensley, and S. M. Lewis. Dietary Shifts in the Queen Triggerfish, Balistes Vetula, in the Absence of Its Primary Food Item, Diadema Antillarum. Marine Ecology, 5(2), 1984, 191-95.
EOL:217410	Balistes vetula	RO:0002470	eats	EOL:7194	Portunids		GEONAMES:3582452	Carrie Bow Cay, Belize			November, 1983		Reinthal, P. N., Brian Kensley, and S. M. Lewis. Dietary Shifts in the Queen Triggerfish, Balistes Vetula, in the Absence of Its Primary Food Item, Diadema Antillarum. Marine Ecology, 5(2), 1984, 191-95.
EOL:328686	Chrysocyon brachyurus	RO:0002470	eats	EOL:326988	Proechimys longicaudatus		GEONAMES:10177077	Noel Kempff Mercado National Park, Bolivia				doi:10.5479/si.00810282.639.37	Castro, Jose Miguel, and Louise H. Emmons. Variation in Diet and Resources. Smithsonian Contributions to Zoology, 2012, 37-55. doi:10.5479/si.00810282.639.37
EOL:217410	Balistes vetula	RO:0002470	eats	EOL:50745	Psammolyce sp.		GEONAMES:3582452	Carrie Bow Cay, Belize			November, 1983		Reinthal, P. N., Brian Kensley, and S. M. Lewis. Dietary Shifts in the Queen Triggerfish, Balistes Vetula, in the Absence of Its Primary Food Item, Diadema Antillarum. Marine Ecology, 5(2), 1984, 191-95.
EOL:328686	Chrysocyon brachyurus	RO:0002470	eats	EOL:1180092	Pseudoryzomys simplex		GEONAMES:10177077	Noel Kempff Mercado National Park, Bolivia				doi:10.5479/si.00810282.639.37	Castro, Jose Miguel, and Louise H. Emmons. Variation in Diet and Resources. Smithsonian Contributions to Zoology, 2012, 37-55. doi:10.5479/si.00810282.639.37
EOL:328686	Chrysocyon brachyurus	RO:0002470	eats	EOL:1591	Psittacidae		GEONAMES:10177077	Noel Kempff Mercado National Park, Bolivia				doi:10.5479/si.00810282.639.37	Castro, Jose Miguel, and Louise H. Emmons. Variation in Diet and Resources. Smithsonian Contributions to Zoology, 2012, 37-55. doi:10.5479/si.00810282.639.37
EOL:1053224	Myozetetes cayanensis	RO:0002470	eats	EOL:1703	Reptilia		GEONAMES:3708958	Barro Colorado Island, Panama	9.15	-79.85			Dyrcz, Andrzej, and Heiner Flinks. Nestling Food of the Congeneric and Sympatric Rusty-margined and Social Flycatchers. Journal of Field Ornithology, 2003, 157-65.
EOL:1053227	Myozetetes similis	RO:0002470	eats	EOL:1703	Reptilia		GEONAMES:3708958	Barro Colorado Island, Panama	9.15	-79.85			Dyrcz, Andrzej, and Heiner Flinks. Nestling Food of the Congeneric and Sympatric Rusty-margined and Social Flycatchers. Journal of Field Ornithology, 2003, 157-65.
EOL:217410	Balistes vetula	RO:0002470	eats	EOL:50228	Rissoina sp.		GEONAMES:3582452	Carrie Bow Cay, Belize			November, 1983		Reinthal, P. N., Brian Kensley, and S. M. Lewis. Dietary Shifts in the Queen Triggerfish, Balistes Vetula, in the Absence of Its Primary Food Item, Diadema Antillarum. Marine Ecology, 5(2), 1984, 191-95.
EOL:328686	Chrysocyon brachyurus	RO:0002470	eats	EOL:5226486	Salacia elliptica		GEONAMES:10177077	Noel Kempff Mercado National Park, Bolivia				doi:10.5479/si.00810282.639.37	Castro, Jose Miguel, and Louise H. Emmons. Variation in Diet and Resources. Smithsonian Contributions to Zoology, 2012, 37-55. doi:10.5479/si.00810282.639.37
EOL:213781	Amphichthys cryptocentrus	RO:0002470	eats	EOL:2249	Scallops		GEONAMES:3701539	Archipielago de San Blas					Robertson, D. Ross. Responses of Two Coral Reef Toadfishes (Batrachoididae) to the Demise of Their Primary Prey, the Sea Urchin Diadema Antillarum. Copeia, 1987, 637. Accessed April 20, 2015. http://www.jstor.org/stable/1445655.
EOL:994470	Sanopus barbatus	RO:0002470	eats	EOL:2249	Scallops		GEONAMES:3701539	Archipielago de San Blas					Robertson, D. Ross. Responses of Two Coral Reef Toadfishes (Batrachoididae) to the Demise of Their Primary Prey, the Sea Urchin Diadema Antillarum. Copeia, 1987, 637. Accessed April 20, 2015. http://www.jstor.org/stable/1445655.
EOL:328686	Chrysocyon brachyurus	RO:0002470	eats	EOL:8134	Scarabaeidae		GEONAMES:10177077	Noel Kempff Mercado National Park, Bolivia				doi:10.5479/si.00810282.639.37	Castro, Jose Miguel, and Louise H. Emmons. Variation in Diet and Resources. Smithsonian Contributions to Zoology, 2012, 37-55. doi:10.5479/si.00810282.639.37
EOL:1053227	Myozetetes similis	RO:0002470	eats	EOL:8542	Scorpiones		GEONAMES:3708958	Barro Colorado Island, Panama	9.15	-79.85			Dyrcz, Andrzej, and Heiner Flinks. Nestling Food of the Congeneric and Sympatric Rusty-margined and Social Flycatchers. Journal of Field Ornithology, 2003, 157-65.
EOL:1053224	Myozetetes cayanensis	RO:0002470	eats	EOL:1150546	Shefflera morototoni		GEONAMES:3708958	Barro Colorado Island, Panama	9.15	-79.85			Dyrcz, Andrzej, and Heiner Flinks. Nestling Food of the Congeneric and Sympatric Rusty-margined and Social Flycatchers. Journal of Field Ornithology, 2003, 157-65.
EOL:1053227	Myozetetes similis	RO:0002470	eats	EOL:1150546	Shefflera morototoni		GEONAMES:3708958	Barro Colorado Island, Panama	9.15	-79.85			Dyrcz, Andrzej, and Heiner Flinks. Nestling Food of the Congeneric and Sympatric Rusty-margined and Social Flycatchers. Journal of Field Ornithology, 2003, 157-65.
EOL:217410	Balistes vetula	RO:0002470	eats	EOL:8871	Sipunculans		GEONAMES:3582452	Carrie Bow Cay, Belize			November, 1983		Reinthal, P. N., Brian Kensley, and S. M. Lewis. Dietary Shifts in the Queen Triggerfish, Balistes Vetula, in the Absence of Its Primary Food Item, Diadema Antillarum. Marine Ecology, 5(2), 1984, 191-95.
EOL:328686	Chrysocyon brachyurus	RO:0002470	eats	EOL:5696513	Solanum gomphodes		GEONAMES:10177077	Noel Kempff Mercado National Park, Bolivia				doi:10.5479/si.00810282.639.37	Castro, Jose Miguel, and Louise H. Emmons. Variation in Diet and Resources. Smithsonian Contributions to Zoology, 2012, 37-55. doi:10.5479/si.00810282.639.37
EOL:217410	Balistes vetula	RO:0002470	eats	EOL:7340	Sphaeromatid		GEONAMES:3582452	Carrie Bow Cay, Belize			November, 1983		Reinthal, P. N., Brian Kensley, and S. M. Lewis. Dietary Shifts in the Queen Triggerfish, Balistes Vetula, in the Absence of Its Primary Food Item, Diadema Antillarum. Marine Ecology, 5(2), 1984, 191-95.
EOL:398606	Pisania tincta	RO:0002439	preys on		Spiroglyphus annulatus		GEONAMES:4155751	Eastern Florida					Kantor, Y. I., and M. G. Harasewych. The Diet of Pisania Tincta (Gastropoda: Buccinidae) in Eastern Florida. The Veliger, 37(1): 117-118, 1994.
EOL:217410	Balistes vetula	RO:0002470	eats	EOL:7370	Stomatopods		GEONAMES:3582452	Carrie Bow Cay, Belize			November, 1983		Reinthal, P. N., Brian Kensley, and S. M. Lewis. Dietary Shifts in the Queen Triggerfish, Balistes Vetula, in the Absence of Its Primary Food Item, Diadema Antillarum. Marine Ecology, 5(2), 1984, 191-95.
EOL:217410	Balistes vetula	RO:0002470	eats	EOL:53066	Strombiformis sp.		GEONAMES:3582452	Carrie Bow Cay, Belize			November, 1983		Reinthal, P. N., Brian Kensley, and S. M. Lewis. Dietary Shifts in the Queen Triggerfish, Balistes Vetula, in the Absence of Its Primary Food Item, Diadema Antillarum. Marine Ecology, 5(2), 1984, 191-95.
EOL:217410	Balistes vetula	RO:0002470	eats	EOL:58775	Tegula sp.		GEONAMES:3582452	Carrie Bow Cay, Belize			November, 1983		Reinthal, P. N., Brian Kensley, and S. M. Lewis. Dietary Shifts in the Queen Triggerfish, Balistes Vetula, in the Absence of Its Primary Food Item, Diadema Antillarum. Marine Ecology, 5(2), 1984, 191-95.
EOL:328686	Chrysocyon brachyurus	RO:0002470	eats	EOL:8110	Teidae		GEONAMES:10177077	Noel Kempff Mercado National Park, Bolivia				doi:10.5479/si.00810282.639.37	Castro, Jose Miguel, and Louise H. Emmons. Variation in Diet and Resources. Smithsonian Contributions to Zoology, 2012, 37-55. doi:10.5479/si.00810282.639.37
EOL:398606	Pisania tincta	RO:0002439	preys on	EOL:1025050	Tetraclita stalactifera		GEONAMES:4155751	Eastern Florida					Kantor, Y. I., and M. G. Harasewych. The Diet of Pisania Tincta (Gastropoda: Buccinidae) in Eastern Florida. The Veliger, 37(1): 117-118, 1994.
EOL:328811	Taphozous melanopogon	RO:0002470	eats	EOL:1101	Trichoptera		GEONAMES:1809867	Bidi Cave, Guilin City in Guangxi Province, southwest China	25.456667	111.333333	May to October 2006	doi:10.3161/150811008X331081	Wei, L., N. Han, L. Zhang, Kristofer M. Helgen, S. Parsons, S. Zhou, and S. Zhang. Wing Morphology, Echolocation Calls, Diet and Emergence Time of Black-Bearded Tomb Bats (Taphozous Melanopogon, Emballonuridae) from South-West China. Acta Chiropterologica, 10(1), 2008, 51-59.
EOL:327236	Aselliscus stoliczkanus	RO:0002470	eats	EOL:1101	Trichoptera		GEONAMES:1814991	provinces in mainland China			November, 2005	doi:10.1644/06-MAMM-A-273R.1	Li, Gang, Bing Liang, Yinan Wang, Huabin Zhao, Kristofer M. Helgen, Liangkong Lin, Gareth Jones, and Shuyi Zhang. "Echolocation Calls, Diet, and Phylogenetic Relationships of Stoliczka's Trident Bat, Aselliscus Stoliczkanus (Hipposideridae)." Journal of Mammalogy: 736-44.
EOL:217410	Balistes vetula	RO:0002470	eats	EOL:57959	Triphora sp.		GEONAMES:3582452	Carrie Bow Cay, Belize			November, 1983		Reinthal, P. N., Brian Kensley, and S. M. Lewis. Dietary Shifts in the Queen Triggerfish, Balistes Vetula, in the Absence of Its Primary Food Item, Diadema Antillarum. Marine Ecology, 5(2), 1984, 191-95.
EOL:328686	Chrysocyon brachyurus	RO:0002470	eats	EOL:35417	Typhlops sp.		GEONAMES:10177077	Noel Kempff Mercado National Park, Bolivia				doi:10.5479/si.00810282.639.37	Castro, Jose Miguel, and Louise H. Emmons. Variation in Diet and Resources. Smithsonian Contributions to Zoology, 2012, 37-55. doi:10.5479/si.00810282.639.37
EOL:217410	Balistes vetula	RO:0002470	eats	EOL:1158	Unidentified amphipods		GEONAMES:3582452	Carrie Bow Cay, Belize			November, 1983		Reinthal, P. N., Brian Kensley, and S. M. Lewis. Dietary Shifts in the Queen Triggerfish, Balistes Vetula, in the Absence of Its Primary Food Item, Diadema Antillarum. Marine Ecology, 5(2), 1984, 191-95.
EOL:217410	Balistes vetula	RO:0002470	eats	EOL:2681	Unidentified chitons		GEONAMES:3582452	Carrie Bow Cay, Belize			November, 1983		Reinthal, P. N., Brian Kensley, and S. M. Lewis. Dietary Shifts in the Queen Triggerfish, Balistes Vetula, in the Absence of Its Primary Food Item, Diadema Antillarum. Marine Ecology, 5(2), 1984, 191-95.
EOL:217410	Balistes vetula	RO:0002470	eats	EOL:39938	Unidentified hermit crabs		GEONAMES:3582452	Carrie Bow Cay, Belize			November, 1983		Reinthal, P. N., Brian Kensley, and S. M. Lewis. Dietary Shifts in the Queen Triggerfish, Balistes Vetula, in the Absence of Its Primary Food Item, Diadema Antillarum. Marine Ecology, 5(2), 1984, 191-95.
EOL:217410	Balistes vetula	RO:0002470	eats	EOL:7391	Unidentified tanaidacean		GEONAMES:3582452	Carrie Bow Cay, Belize			November, 1983		Reinthal, P. N., Brian Kensley, and S. M. Lewis. Dietary Shifts in the Queen Triggerfish, Balistes Vetula, in the Absence of Its Primary Food Item, Diadema Antillarum. Marine Ecology, 5(2), 1984, 191-95.
EOL:328686	Chrysocyon brachyurus	RO:0002470	eats	EOL:5242	Vespidae		GEONAMES:10177077	Noel Kempff Mercado National Park, Bolivia				doi:10.5479/si.00810282.639.37	Castro, Jose Miguel, and Louise H. Emmons. Variation in Diet and Resources. Smithsonian Contributions to Zoology, 2012, 37-55. doi:10.5479/si.00810282.639.37
EOL:1053224	Myozetetes cayanensis	RO:0002470	eats	EOL:582303	Vitis tiliifolia		GEONAMES:3708958	Barro Colorado Island, Panama	9.15	-79.85			Dyrcz, Andrzej, and Heiner Flinks. Nestling Food of the Congeneric and Sympatric Rusty-margined and Social Flycatchers. Journal of Field Ornithology, 2003, 157-65.
EOL:1053227	Myozetetes similis	RO:0002470	eats	EOL:582303	Vitis tiliifolia		GEONAMES:3708958	Barro Colorado Island, Panama	9.15	-79.85			Dyrcz, Andrzej, and Heiner Flinks. Nestling Food of the Congeneric and Sympatric Rusty-margined and Social Flycatchers. Journal of Field Ornithology, 2003, 157-65.
EOL:1053224	Myozetetes cayanensis	RO:0002470	eats	EOL:39954269	Zanthoxylum panamense		GEONAMES:3708958	Barro Colorado Island, Panama	9.15	-79.85			Dyrcz, Andrzej, and Heiner Flinks. Nestling Food of the Congeneric and Sympatric Rusty-margined and Social Flycatchers. Journal of Field Ornithology, 2003, 157-65.
EOL:1053227	Myozetetes similis	RO:0002470	eats	EOL:39954269	Zanthoxylum panamense		GEONAMES:3708958	Barro Colorado Island, Panama	9.15	-79.85			Dyrcz, Andrzej, and Heiner Flinks. Nestling Food of the Congeneric and Sympatric Rusty-margined and Social Flycatchers. Journal of Field Ornithology, 2003, 157-65.
